MOHU_SEMANTIC_VOCAB_V1	-14.314840278142372	4.998360235395066
<pad>	0
<unk>	1
<bos>	2
<eos>	3
的	4
一	5
不	6
是	7
我	8
得	9
有	10
你	11
这	12
时	13
人	14
了	15
事	16
以	17
大	18
在	19
实	20
为	21
石	22
之	23
德	24
么	25
个	26
意	27
他	28
子	29
可	30
上	31
中	32
要	33
十	34
会	35
使	36
们	37
什	38
世	39
到	40
就	41
食	42
小	43
市	44
那	45
没	46
下	47
布	48
出	49
来	50
里	51
能	52
知	53
师	54
已	55
道	56
部	57
着	58
只	59
直	60
好	61
生	62
补	63
失	64
还	65
地	66
于	67
过	68
也	69
哈	70
士	71
说	72
她	73
心	74
家	75
想	76
油	77
起	78
步	79
国	80
卧	81
机	82
用	83
都	84
友	85
指	86
异	87
游	88
美	89
试	90
回	91
行	92
视	93
握	94
力	95
去	96
海	97
看	98
又	99
自	100
种	101
式	102
神	103
数	104
气	105
真	106
几	107
和	108
相	109
由	110
成	111
无	112
制	113
重	114
打	115
者	116
点	117
衣	118
理	119
水	120
再	121
折	122
它	123
天	124
集	125
义	126
学	127
易	128
主	129
新	130
沃	131
经	132
其	133
多	134
正	135
手	136
对	137
格	138
鱼	139
发	140
记	141
优	142
尼	143
利	144
湿	145
现	146
间	147
至	148
身	149
史	150
解	151
同	152
势	153
见	154
西	155
业	156
公	157
件	158
年	159
位	160
前	161
长	162
物	163
金	164
作	165
山	166
拟	167
右	168
期	169
定	170
法	171
应	172
识	173
本	174
诗	175
科	176
窝	177
支	178
室	179
歌	180
任	181
高	182
哪	183
信	184
后	185
移	186
书	187
工	188
清	189
旧	190
香	191
建	192
克	193
级	194
情	195
电	196
塔	197
第	198
样	199
逆	200
把	201
始	202
质	203
方	204
值	205
渥	206
氏	207
泥	208
基	209
向	210
开	211
李	212
志	213
体	214
分	215
捕	216
亿	217
像	218
立	219
系	220
阳	221
然	222
通	223
五	224
达	225
九	226
动	227
及	228
明	229
喔	230
涡	231
最	232
收	233
倭	234
先	235
深	236
医	237
智	238
很	239
东	240
蜗	241
酒	242
龌	243
卜	244
服	245
遮	246
关	247
伊	248
设	249
哲	250
施	251
乐	252
治	253
接	254
结	255
影	256
艺	257
进	258
斡	259
致	260
二	261
加	262
首	263
做	264
眼	265
性	266
语	267
言	268
幄	269
文	270
些	271
城	272
依	273
夜	274
保	275
与	276
全	277
整	278
认	279
商	280
字	281
面	282
声	283
鸡	284
伤	285
浙	286
节	287
妮	288
给	289
雨	290
踏	291
适	292
处	293
星	294
职	295
吃	296
哥	297
古	298
涉	299
觉	300
载	301
果	302
度	303
课	304
场	305
季	306
复	307
三	308
七	309
原	310
味	311
如	312
腻	313
程	314
比	315
内	316
怎	317
计	318
遗	319
仁	320
区	321
精	322
倪	323
每	324
音	325
受	326
常	327
线	328
野	329
合	330
尸	331
象	332
极	333
南	334
青	335
底	336
未	337
终	338
变	339
刀	340
轻	341
今	342
管	343
议	344
化	345
所	346
让	347
急	348
四	349
王	350
辙	351
两	352
远	353
被	354
初	355
名	356
教	357
众	358
钟	359
当	360
界	361
益	362
次	363
夫	364
报	365
景	366
而	367
己	368
住	369
纸	370
奇	371
将	372
儿	373
老	374
喜	375
烟	376
请	377
尚	378
久	379
入	380
花	381
校	382
但	383
量	384
饰	385
离	386
疑	387
火	388
川	389
问	390
钱	391
药	392
除	393
务	394
辄	395
匿	396
击	397
英	398
怖	399
马	400
福	401
因	402
叶	403
救	404
示	405
坐	406
即	407
答	408
何	409
溺	410
形	411
沓	412
玉	413
传	414
政	415
带	416
拿	417
元	418
盛	419
夏	420
礼	421
取	422
斯	423
娜	424
姓	425
资	426
赏	427
目	428
网	429
万	430
边	431
维	432
睨	433
丽	434
霓	435
河	436
簿	437
梅	438
省	439
安	440
惠	441
包	442
从	443
北	444
读	445
外	446
价	447
圣	448
昵	449
太	450
武	451
术	452
各	453
刻	454
养	455
京	456
微	457
假	458
题	459
社	460
观	461
近	462
感	463
门	464
便	465
吧	466
血	467
器	468
响	469
褶	470
忍	471
背	472
跋	473
代	474
搭	475
升	476
熟	477
月	478
仔	479
细	480
纳	481
蛰	482
客	483
历	484
尤	485
宝	486
防	487
姐	488
座	489
称	490
埔	491
导	492
兴	493
树	494
提	495
放	496
车	497
旎	498
此	499
蔗	500
交	501
幽	502
迎	503
消	504
买	505
审	506
望	507
该	508
翼	509
必	510
头	511
宜	512
岩	513
日	514
死	515
甚	516
产	517
啊	518
姨	519
注	520
爱	521
源	522
胜	523
犹	524
故	525
笑	526
挝	527
余	528
房	529
候	530
才	531
司	532
降	533
怩	534
拓	535
反	536
镜	537
幼	538
话	539
付	540
助	541
吉	542
尔	543
员	544
息	545
守	546
倒	547
品	548
干	549
介	550
置	551
竹	552
逸	553
活	554
姬	555
乡	556
店	557
侠	558
庆	559
角	560
跟	561
园	562
检	563
县	564
府	565
释	566
营	567
害	568
宰	569
单	570
左	571
持	572
官	573
暴	574
希	575
院	576
白	577
型	578
纪	579
抑	580
功	581
郑	582
备	583
斗	584
静	585
特	586
共	587
堡	588
谢	589
哺	590
低	591
难	592
谁	593
统	594
表	595
属	596
洗	597
华	598
卖	599
亮	600
舍	601
积	602
江	603
蜇	604
叔	605
借	606
岛	607
非	608
项	609
完	610
路	611
技	612
惊	613
流	614
玩	615
甲	616
紫	617
居	618
显	619
灰	620
粒	621
副	622
木	623
半	624
晚	625
张	626
简	627
妳	628
风	629
孩	630
溪	631
屎	632
究	633
架	634
射	635
云	636
井	637
卫	638
埠	639
砍	640
八	641
负	642
戏	643
隔	644
汇	645
忠	646
威	647
战	648
刃	649
止	650
良	651
宫	652
光	653
屋	654
爷	655
曲	656
女	657
号	658
莉	659
仙	660
赭	661
塌	662
尽	663
思	664
巴	665
台	666
写	667
具	668
乘	669
沈	670
百	671
叫	672
朱	673
肿	674
别	675
雪	676
队	677
阁	678
命	679
找	680
并	681
冠	682
证	683
境	684
剑	685
咳	686
验	687
灾	688
研	689
哉	690
股	691
拉	692
拾	693
典	694
盐	695
莴	696
诸	697
念	698
习	699
睡	700
鼠	701
齐	702
唱	703
更	704
佳	705
怡	706
杰	707
严	708
父	709
译	710
紧	711
愿	712
街	713
办	714
洞	715
触	716
硬	717
割	718
围	719
演	720
鹧	721
班	722
辉	723
板	724
富	725
亚	726
眉	727
笔	728
申	729
榻	730
需	731
诚	732
标	733
狮	734
壬	735
勒	736
亥	737
平	738
委	739
珠	740
口	741
考	742
束	743
抱	744
猪	745
警	746
欢	747
延	748
脚	749
供	750
征	751
硪	752
编	753
映	754
总	755
济	756
喝	757
蹋	758
争	759
鹰	760
限	761
足	762
快	763
绝	764
激	765
永	766
仪	767
少	768
千	769
举	770
崽	771
敌	772
遇	773
权	774
豆	775
听	776
卟	777
承	778
户	779
妹	780
幸	781
料	782
告	783
勇	784
忆	785
尾	786
输	787
画	788
帝	789
毕	790
吓	791
例	792
植	793
挞	794
许	795
早	796
附	797
针	798
印	799
鼻	800
喆	801
闭	802
落	803
兽	804
楚	805
骑	806
险	807
镇	808
丝	809
舞	810
图	811
企	812
站	813
银	814
页	815
遢	816
伸	817
痛	818
授	819
骨	820
往	821
栽	822
枝	823
越	824
阶	825
待	826
佐	827
空	828
竟	829
弟	830
攻	831
羽	832
瘦	833
灵	834
诱	835
温	836
晓	837
母	838
寄	839
虾	840
引	841
六	842
燕	843
倾	844
确	845
阵	846
柯	847
展	848
韧	849
壁	850
昨	851
或	852
挥	853
谪	854
照	855
等	856
闲	857
硕	858
病	859
薄	860
避	861
民	862
寿	863
戒	864
据	865
选	866
销	867
执	868
效	869
捺	870
连	871
锅	872
丁	873
稔	874
郭	875
土	876
男	877
趣	878
招	879
籍	880
敬	881
述	882
倍	883
驾	884
鲜	885
爆	886
衲	887
飞	888
逼	889
聚	890
祥	891
挤	892
童	893
强	894
趿	895
扬	896
恭	897
董	898
州	899
屈	900
饪	901
逐	902
朝	903
根	904
杯	905
肟	906
液	907
联	908
刑	909
装	910
波	911
仞	912
须	913
迪	914
讲	915
呐	916
局	917
魅	918
乙	919
领	920
缘	921
椅	922
纫	923
宇	924
础	925
萧	926
怨	927
签	928
独	929
杀	930
版	931
章	932
田	933
甾	934
另	935
刊	936
哒	937
娶	938
决	939
晶	940
饮	941
核	942
邮	943
齿	944
豪	945
冬	946
兜	947
肌	948
族	949
坚	950
悠	951
堪	952
监	953
换	954
刘	955
改	956
调	957
恨	958
仲	959
碱	960
欲	961
裳	962
净	963
敢	964
亦	965
环	966
厨	967
似	968
粉	969
兵	970
差	971
莱	972
赢	973
晴	974
禁	975
突	976
鼓	977
耳	978
造	979
组	980
球	981
护	982
军	983
窦	984
亲	985
饭	986
弃	987
醒	988
誓	989
启	990
忧	991
慎	992
句	993
菑	994
厚	995
慧	996
悔	997
旗	998
戴	999
革	1000
罗	1001
逝	1002
雅	1003
著	1004
吴	1005
赖	1006
转	1007
伏	1008
际	1009
走	1010
遥	1011
瘩	1012
晌	1013
铜	1014
舌	1015
媚	1016
蚁	1017
穿	1018
搞	1019
剧	1020
键	1021
预	1022
嘉	1023
顶	1024
蛇	1025
殇	1026
翔	1027
畠	1028
夹	1029
钭	1030
欣	1031
广	1032
径	1033
误	1034
排	1035
递	1036
圆	1037
模	1038
辛	1039
条	1040
盈	1041
災	1042
抵	1043
馆	1044
抖	1045
售	1046
您	1047
既	1048
钠	1049
垃	1050
妇	1051
惺	1052
芳	1053
席	1054
陷	1055
吗	1056
嗒	1057
摄	1058
肠	1059
织	1060
嗨	1061
梁	1062
逋	1063
洁	1064
尺	1065
费	1066
帮	1067
投	1068
专	1069
博	1070
绳	1071
林	1072
健	1073
觞	1074
货	1075
舅	1076
腰	1077
湖	1078
琢	1079
范	1080
址	1081
协	1082
储	1083
摇	1084
懂	1085
饱	1086
驱	1087
浩	1088
周	1089
私	1090
色	1091
箱	1092
党	1093
闻	1094
求	1095
较	1096
麦	1097
逗	1098
爸	1099
骇	1100
刚	1101
箭	1102
享	1103
短	1104
坊	1105
推	1106
运	1107
痘	1108
徒	1109
祭	1110
毒	1111
占	1112
厂	1113
诊	1114
迹	1115
查	1116
虎	1117
危	1118
留	1119
菜	1120
孝	1121
墒	1122
阿	1123
纠	1124
约	1125
暇	1126
痴	1127
罚	1128
毁	1129
昌	1130
熵	1131
顾	1132
撮	1133
筮	1134
育	1135
宣	1136
雾	1137
论	1138
断	1139
佑	1140
贝	1141
红	1142
役	1143
趋	1144
浮	1145
妖	1146
渠	1147
令	1148
锦	1149
毫	1150
咎	1151
赤	1152
拍	1153
剩	1154
满	1155
片	1156
减	1157
碧	1158
赶	1159
迟	1160
耗	1161
啥	1162
惯	1163
肖	1164
采	1165
陡	1166
截	1167
笮	1168
隐	1169
渐	1170
珍	1171
嘬	1172
媒	1173
揪	1174
鹤	1175
辩	1176
滴	1177
疚	1178
绘	1179
态	1180
裹	1181
仅	1182
坎	1183
获	1184
毛	1185
弓	1186
咸	1187
仿	1188
蒂	1189
鞋	1190
巨	1191
淡	1192
类	1193
祚	1194
贤	1195
歉	1196
超	1197
衽	1198
肭	1199
嗜	1200
卿	1201
畜	1202
孤	1203
婴	1204
祝	1205
兹	1206
柞	1207
随	1208
胁	1209
槛	1210
蚪	1211
弹	1212
荏	1213
鑫	1214
蔸	1215
贞	1216
颗	1217
震	1218
露	1219
察	1220
惜	1221
焦	1222
奢	1223
却	1224
耶	1225
吸	1226
容	1227
疾	1228
稳	1229
骸	1230
午	1231
妊	1232
堆	1233
泉	1234
雏	1235
镎	1236
赦	1237
颜	1238
份	1239
唶	1240
芯	1241
缺	1242
脸	1243
般	1244
臂	1245
麻	1246
零	1247
棋	1248
侃	1249
酢	1250
瞿	1251
辈	1252
篼	1253
妻	1254
鬼	1255
参	1256
压	1257
柱	1258
弯	1259
构	1260
予	1261
艾	1262
劫	1263
遍	1264
竞	1265
嫁	1266
拱	1267
埋	1268
藥	1269
冰	1270
池	1271
泰	1272
梯	1273
呗	1274
氦	1275
觑	1276
嗐	1277
算	1278
郁	1279
梨	1280
切	1281
唯	1282
窗	1283
序	1284
御	1285
捷	1286
牌	1287
乎	1288
黑	1289
奔	1290
夷	1291
撑	1292
春	1293
拔	1294
够	1295
躯	1296
贯	1297
莫	1298
冶	1299
尖	1300
冻	1301
素	1302
派	1303
拥	1304
耷	1305
恢	1306
贡	1307
壳	1308
乌	1309
善	1310
铄	1311
奸	1312
呢	1313
屄	1314
袋	1315
勘	1316
赵	1317
吻	1318
疫	1319
削	1320
翻	1321
甄	1322
烁	1323
乳	1324
亡	1325
登	1326
订	1327
振	1328
嘴	1329
黄	1330
悲	1331
彩	1332
币	1333
牲	1334
渴	1335
嘞	1336
罪	1337
荷	1338
朔	1339
耻	1340
谷	1341
斜	1342
退	1343
曳	1344
泄	1345
秀	1346
域	1347
速	1348
昊	1349
鹫	1350
呵	1351
练	1352
愬	1353
薪	1354
赌	1355
胡	1356
伐	1357
肋	1358
皆	1359
宗	1360
槊	1361
劳	1362
拳	1363
凡	1364
嘛	1365
伴	1366
妁	1367
蒴	1368
犯	1369
伯	1370
材	1371
搠	1372
伙	1373
担	1374
狠	1375
颈	1376
散	1377
词	1378
盗	1379
莹	1380
剥	1381
规	1382
皓	1383
封	1384
丹	1385
沙	1386
慑	1387
筑	1388
偓	1389
鞑	1390
悉	1391
访	1392
醢	1393
阴	1394
柘	1395
蛋	1396
呈	1397
续	1398
殿	1399
湾	1400
税	1401
彼	1402
笙	1403
橱	1404
佘	1405
矢	1406
按	1407
呆	1408
赫	1409
涌	1410
伟	1411
挺	1412
妈	1413
濑	1414
呼	1415
停	1416
凌	1417
肥	1418
倚	1419
甘	1420
财	1421
免	1422
瞎	1423
饹	1424
泐	1425
醉	1426
热	1427
笛	1428
姿	1429
郝	1430
洛	1431
茶	1432
雍	1433
继	1434
瞰	1435
岖	1436
贾	1437
聒	1438
袭	1439
歇	1440
忘	1441
陆	1442
炎	1443
脉	1444
阚	1445
龙	1446
栋	1447
奖	1448
暗	1449
晟	1450
案	1451
褚	1452
蹄	1453
劲	1454
肩	1455
控	1456
澄	1457
准	1458
扒	1459
搐	1460
龛	1461
迈	1462
船	1463
鞭	1464
谅	1465
叻	1466
钚	1467
灌	1468
肝	1469
浅	1470
胲	1471
霉	1472
吐	1473
𡛰	1474
睛	1475
群	1476
划	1477
葛	1478
靠	1479
替	1480
瓣	1481
米	1482
录	1483
姜	1484
献	1485
穴	1486
津	1487
圈	1488
修	1489
诉	1490
吋	1491
贷	1492
鳓	1493
仂	1494
梓	1495
卑	1496
忌	1497
辱	1498
杜	1499
啦	1500
踢	1501
戡	1502
簕	1503
𣱼	1504
砳	1505
蝇	1506
详	1507
牙	1508
霸	1509
兰	1510
咬	1511
玏	1512
痕	1513
蛐	1514
绿	1515
杨	1516
斥	1517
秋	1518
庸	1519
馨	1520
棘	1521
枚	1522
密	1523
掌	1524
礐	1525
悟	1526
烦	1527
拒	1528
鼎	1529
蝈	1530
率	1531
兔	1532
掴	1533
蜥	1534
挵	1535
挊	1536
豹	1537
途	1538
涂	1539
獭	1540
蚊	1541
默	1542
顷	1543
陵	1544
渗	1545
庄	1546
樱	1547
魔	1548
穆	1549
双	1550
胶	1551
湘	1552
卡	1553
驰	1554
嚎	1555
霞	1556
番	1557
徽	1558
阻	1559
狗	1560
厉	1561
纹	1562
充	1563
咚	1564
旺	1565
潜	1566
幕	1567
凉	1568
癞	1569
柄	1570
抬	1571
呀	1572
胞	1573
舒	1574
捡	1575
状	1576
距	1577
督	1578
返	1579
寺	1580
凯	1581
雯	1582
棵	1583
肾	1584
谓	1585
洋	1586
锗	1587
噎	1588
祸	1589
错	1590
昕	1591
践	1592
奠	1593
虚	1594
肆	1595
耀	1596
冲	1597
肚	1598
碗	1599
煤	1600
菲	1601
稿	1602
败	1603
钥	1604
滑	1605
泳	1606
汉	1607
嗤	1608
巷	1609
擎	1610
愤	1611
崁	1612
晖	1613
盒	1614
吏	1615
蛆	1616
衅	1617
蒋	1618
蒸	1619
幅	1620
娇	1621
胎	1622
牧	1623
配	1624
啸	1625
贺	1626
创	1627
床	1628
捣	1629
尝	1630
歆	1631
婉	1632
玫	1633
汁	1634
鸠	1635
托	1636
靓	1637
帼	1638
婶	1639
端	1640
扁	1641
耕	1642
浴	1643
稻	1644
壹	1645
颢	1646
送	1647
刺	1648
透	1649
祖	1650
锌	1651
翅	1652
涨	1653
巾	1654
芝	1655
怪	1656
弗	1657
呻	1658
剪	1659
峒	1660
悦	1661
渡	1662
衎	1663
拜	1664
普	1665
怕	1666
惑	1667
牵	1668
铃	1669
段	1670
评	1671
夺	1672
烨	1673
轫	1674
黛	1675
傻	1676
邑	1677
跑	1678
躬	1679
斑	1680
猊	1681
愁	1682
碑	1683
铁	1684
丙	1685
怍	1686
掉	1687
膏	1688
邀	1689
犬	1690
汝	1691
橙	1692
筒	1693
匠	1694
罢	1695
脂	1696
姑	1697
贵	1698
瑶	1699
颖	1700
旅	1701
丸	1702
糕	1703
雷	1704
绅	1705
辆	1706
椁	1707
僵	1708
蚀	1709
莺	1710
衷	1711
霍	1712
冢	1713
妨	1714
纺	1715
壕	1716
桐	1717
屏	1718
畅	1719
且	1720
胆	1721
盖	1722
互	1723
睁	1724
屑	1725
讳	1726
阀	1727
虫	1728
猫	1729
苏	1730
岭	1731
仰	1732
佣	1733
咏	1734
剂	1735
腕	1736
跳	1737
疏	1738
虢	1739
慕	1740
泛	1741
乏	1742
筏	1743
则	1744
睐	1745
莰	1746
爪	1747
佷	1748
测	1749
垫	1750
笨	1751
券	1752
庭	1753
幻	1754
患	1755
躇	1756
佛	1757
契	1758
援	1759
缓	1760
妲	1761
谦	1762
秃	1763
搬	1764
朕	1765
埃	1766
甸	1767
痎	1768
艰	1769
奥	1770
乸	1771
杆	1772
辅	1773
墓	1774
蛤	1775
陛	1776
鸫	1777
淫	1778
嗥	1779
凤	1780
皮	1781
宿	1782
鉴	1783
港	1784
律	1785
涧	1786
恶	1787
恋	1788
脱	1789
偷	1790
儒	1791
赛	1792
喂	1793
壤	1794
凸	1795
嘚	1796
懑	1797
昧	1798
列	1799
涴	1800
屠	1801
扶	1802
兼	1803
涞	1804
倡	1805
惫	1806
狩	1807
晡	1808
码	1809
籁	1810
邦	1811
臭	1812
购	1813
腥	1814
氪	1815
顺	1816
噷	1817
㯊	1818
𬣳	1819
崃	1820
猜	1821
跃	1822
薛	1823
㨃	1824
羊	1825
辖	1826
徕	1827
赉	1828
侗	1829
逞	1830
芬	1831
丰	1832
锝	1833
播	1834
责	1835
磨	1836
仇	1837
柳	1838
靴	1839
哩	1840
惧	1841
玄	1842
寂	1843
谈	1844
粮	1845
帐	1846
鹬	1847
挚	1848
芭	1849
灯	1850
唛	1851
胴	1852
忽	1853
骄	1854
疤	1855
坝	1856
末	1857
摆	1858
杏	1859
洲	1860
貍	1861
脊	1862
腋	1863
鲵	1864
黎	1865
戈	1866
莲	1867
嚷	1868
辞	1869
废	1870
况	1871
逮	1872
兆	1873
绱	1874
舰	1875
钢	1876
慢	1877
咍	1878
颠	1879
纷	1880
慨	1881
嚼	1882
析	1883
召	1884
择	1885
频	1886
疣	1887
攘	1888
瓤	1889
穰	1890
朋	1891
挨	1892
俫	1893
铼	1894
霾	1895
鼬	1896
柮	1897
鲍	1898
肪	1899
探	1900
皋	1901
睾	1902
矮	1903
鲁	1904
霡	1905
靼	1906
哧	1907
禳	1908
瀼	1909
蘘	1910
儴	1911
勷	1912
𧟄	1913
块	1914
枕	1915
归	1916
殊	1917
辨	1918
饼	1919
奋	1920
雀	1921
玛	1922
梾	1923
苑	1924
劢	1925
荬	1926
甬	1927
慵	1928
罐	1929
烤	1930
羔	1931
咀	1932
姆	1933
绩	1934
俑	1935
冒	1936
濠	1937
侯	1938
梦	1939
枠	1940
哎	1941
辣	1942
谑	1943
恐	1944
酱	1945
挽	1946
艳	1947
镐	1948
俱	1949
牠	1950
团	1951
岁	1952
农	1953
租	1954
兑	1955
肉	1956
绶	1957
诞	1958
抹	1959
搁	1960
概	1961
帆	1962
迫	1963
劝	1964
惩	1965
蒿	1966
拏	1967
松	1968
桶	1969
姚	1970
砝	1971
珐	1972
敦	1973
苦	1974
晬	1975
卢	1976
缟	1977
恫	1978
畚	1979
碓	1980
叭	1981
狭	1982
粘	1983
嫌	1984
墨	1985
鸽	1986
估	1987
苔	1988
叨	1989
峰	1990
吼	1991
休	1992
旦	1993
累	1994
驶	1995
𫪁	1996
枪	1997
厌	1998
贩	1999
裁	2000
篙	2001
怠	2002
菓	2003
蚌	2004
璃	2005
村	2006
狂	2007
蜻	2008
岸	2009
昭	2010
怼	2011
楷	2012
策	2013
汪	2014
丞	2015
存	2016
悼	2017
胖	2018
驻	2019
筋	2020
汤	2021
褒	2022
龚	2023
款	2024
套	2025
靶	2026
栗	2027
诰	2028
荡	2029
晋	2030
徐	2031
综	2032
奉	2033
惹	2034
咱	2035
踅	2036
隙	2037
稷	2038
芠	2039
顽	2040
啼	2041
猴	2042
歹	2043
祷	2044
塞	2045
冷	2046
鿏	2047
皇	2048
浆	2049
遣	2050
肺	2051
熊	2052
堤	2053
哀	2054
迁	2055
袁	2056
胳	2057
埚	2058
辫	2059
疆	2060
岳	2061
串	2062
宛	2063
链	2064
𠲎	2065
卒	2066
沟	2067
峡	2068
荼	2069
菟	2070
繁	2071
寅	2072
龄	2073
症	2074
腹	2075
扮	2076
鄙	2077
索	2078
朵	2079
吟	2080
冥	2081
寻	2082
培	2083
康	2084
豁	2085
偿	2086
哏	2087
寒	2088
艇	2089
耽	2090
殆	2091
悬	2092
蕞	2093
恿	2094
韦	2095
曾	2096
否	2097
惕	2098
侦	2099
槁	2100
票	2101
槜	2102
锭	2103
褐	2104
艮	2105
躲	2106
掷	2107
檇	2108
噱	2109
挑	2110
蹈	2111
亘	2112
茛	2113
逍	2114
忒	2115
忿	2116
腿	2117
喉	2118
绪	2119
罩	2120
搅	2121
含	2122
聊	2123
蔚	2124
玲	2125
觜	2126
均	2127
傅	2128
仗	2129
增	2130
稀	2131
垡	2132
伪	2133
舵	2134
添	2135
喘	2136
灸	2137
临	2138
轿	2139
唞	2140
婚	2141
泡	2142
倩	2143
符	2144
阙	2145
骂	2146
杲	2147
狱	2148
沾	2149
墬	2150
垧	2151
麝	2152
豕	2153
甜	2154
涕	2155
君	2156
溜	2157
墙	2158
斤	2159
竿	2160
禀	2161
秉	2162
韩	2163
贽	2164
楠	2165
蓝	2166
纱	2167
尘	2168
坂	2169
追	2170
届	2171
蛛	2172
炽	2173
钍	2174
伍	2175
禾	2176
珂	2177
账	2178
狄	2179
踩	2180
鸣	2181
航	2182
锁	2183
瞳	2184
档	2185
滞	2186
赣	2187
纵	2188
侍	2189
窆	2190
闪	2191
漆	2192
遭	2193
央	2194
宁	2195
耙	2196
剔	2197
邪	2198
啾	2199
膝	2200
撞	2201
鳕	2202
偏	2203
楼	2204
摸	2205
帨	2206
磕	2207
固	2208
挡	2209
兌	2210
挣	2211
脑	2212
陈	2213
讨	2214
柏	2215
篇	2216
啫	2217
蔡	2218
稚	2219
旋	2220
锄	2221
抢	2222
掩	2223
鲤	2224
魏	2225
柚	2226
缩	2227
祋	2228
憝	2229
毅	2230
帅	2231
络	2232
恩	2233
踵	2234
秘	2235
雋	2236
咕	2237
丑	2238
侧	2239
盘	2240
荣	2241
岱	2242
佟	2243
朘	2244
慌	2245
沿	2246
汰	2247
填	2248
锋	2249
剃	2250
蔽	2251
虑	2252
廉	2253
炉	2254
滋	2255
腊	2256
贬	2257
瓶	2258
俗	2259
誉	2260
汽	2261
孔	2262
吱	2263
匪	2264
肯	2265
叙	2266
冤	2267
宠	2268
尴	2269
跆	2270
批	2271
瘟	2272
惦	2273
吊	2274
擿	2275
鸷	2276
捅	2277
唤	2278
磡	2279
妙	2280
暑	2281
咽	2282
帽	2283
掂	2284
蟹	2285
喃	2286
抚	2287
蜡	2288
弦	2289
枉	2290
铭	2291
絷	2292
妃	2293
鞍	2294
诏	2295
姊	2296
崇	2297
堂	2298
钛	2299
妄	2300
氛	2301
猿	2302
咋	2303
襶	2304
怜	2305
腐	2306
斩	2307
碍	2308
砂	2309
惰	2310
凭	2311
龟	2312
赚	2313
妒	2314
慰	2315
谊	2316
厅	2317
垢	2318
污	2319
删	2320
贸	2321
迦	2322
炳	2323
阅	2324
靥	2325
插	2326
爵	2327
若	2328
棒	2329
壮	2330
棉	2331
迷	2332
赞	2333
𬭨	2334
揩	2335
棑	2336
训	2337
摩	2338
舟	2339
钗	2340
臼	2341
囡	2342
蝻	2343
甥	2344
栈	2345
厦	2346
牢	2347
苯	2348
岂	2349
邰	2350
薇	2351
衢	2352
牛	2353
拨	2354
狡	2355
癫	2356
疗	2357
悫	2358
巫	2359
赧	2360
溢	2361
噬	2362
發	2363
钉	2364
扇	2365
颊	2366
涚	2367
氵	2368
惘	2369
眠	2370
虱	2371
努	2372
竭	2373
畲	2374
吾	2375
纯	2376
𫗰	2377
蛹	2378
祐	2379
障	2380
肽	2381
膀	2382
俩	2383
奻	2384
秦	2385
茂	2386
坞	2387
违	2388
磅	2389
疯	2390
勾	2391
腩	2392
撕	2393
饵	2394
囿	2395
𧋡	2396
烧	2397
柑	2398
瑕	2399
屉	2400
伲	2401
萳	2402
婻	2403
曼	2404
燥	2405
搥	2406
陪	2407
呙	2408
哭	2409
氢	2410
暮	2411
啡	2412
软	2413
雄	2414
灏	2415
崎	2416
褡	2417
橄	2418
镖	2419
夯	2420
巩	2421
轩	2422
谮	2423
层	2424
蚩	2425
唉	2426
炼	2427
镦	2428
欧	2429
忻	2430
渊	2431
丈	2432
薹	2433
偎	2434
嗯	2435
紊	2436
诠	2437
炫	2438
亩	2439
癌	2440
揭	2441
藏	2442
糟	2443
罔	2444
笆	2445
酴	2446
顿	2447
伦	2448
宪	2449
弄	2450
狐	2451
匙	2452
破	2453
咨	2454
伽	2455
膘	2456
堕	2457
乞	2458
欠	2459
虽	2460
茹	2461
噆	2462
疙	2463
貌	2464
刈	2465
刨	2466
釜	2467
漫	2468
汶	2469
戤	2470
融	2471
冯	2472
玳	2473
餐	2474
汎	2475
抽	2476
蓄	2477
哆	2478
歧	2479
汗	2480
抛	2481
孺	2482
沸	2483
蠕	2484
纴	2485
糖	2486
鳏	2487
濡	2488
询	2489
钵	2490
椰	2491
蘸	2492
夕	2493
羡	2494
茓	2495
沼	2496
笠	2497
槟	2498
浸	2499
钩	2500
娚	2501
巢	2502
轮	2503
杖	2504
踱	2505
绵	2506
穷	2507
惮	2508
堵	2509
箴	2510
伶	2511
莎	2512
赊	2513
姻	2514
趾	2515
苹	2516
飙	2517
骠	2518
铎	2519
胀	2520
郊	2521
枋	2522
亭	2523
厥	2524
彻	2525
煎	2526
笃	2527
渍	2528
澳	2529
舛	2530
匹	2531
廷	2532
晦	2533
铸	2534
纤	2535
窑	2536
筹	2537
淑	2538
敞	2539
秆	2540
闷	2541
缝	2542
尹	2543
愈	2544
琴	2545
幢	2546
嵁	2547
彤	2548
莓	2549
跺	2550
喻	2551
欺	2552
嗑	2553
眩	2554
吩	2555
焚	2556
堍	2557
庵	2558
𰉄	2559
吕	2560
妆	2561
怔	2562
豫	2563
嘀	2564
棕	2565
籹	2566
械	2567
惟	2568
踳	2569
嚅	2570
匣	2571
砖	2572
氨	2573
宋	2574
晾	2575
榴	2576
俊	2577
铛	2578
峃	2579
壶	2580
旁	2581
萨	2582
骀	2583
扑	2584
藿	2585
褥	2586
酮	2587
瞑	2588
册	2589
艏	2590
耨	2591
呔	2592
绽	2593
怀	2594
铠	2595
夥	2596
鹊	2597
伞	2598
绣	2599
掘	2600
黯	2601
盯	2602
刹	2603
戆	2604
额	2605
某	2606
栟	2607
聪	2608
杂	2609
踉	2610
歪	2611
桓	2612
恺	2613
湃	2614
咄	2615
铺	2616
淀	2617
钏	2618
铀	2619
赋	2620
混	2621
桃	2622
逅	2623
拘	2624
𫯝	2625
讪	2626
垛	2627
枣	2628
碎	2629
唐	2630
螺	2631
逾	2632
羞	2633
榛	2634
邓	2635
琉	2636
煞	2637
盅	2638
𬭚	2639
菁	2640
扯	2641
贲	2642
炱	2643
谨	2644
殷	2645
椽	2646
遄	2647
弁	2648
嚯	2649
殖	2650
溟	2651
犒	2652
扳	2653
幺	2654
馁	2655
籽	2656
崞	2657
裱	2658
蛮	2659
唗	2660
茗	2661
耐	2662
篌	2663
瘊	2664
奏	2665
胺	2666
懒	2667
猞	2668
呜	2669
沉	2670
柜	2671
剁	2672
泪	2673
喧	2674
璇	2675
漩	2676
氚	2677
洪	2678
叹	2679
汀	2680
苛	2681
残	2682
瓷	2683
泽	2684
驴	2685
凿	2686
锛	2687
坌	2688
倴	2689
蒙	2690
偕	2691
垓	2692
舡	2693
巛	2694
酸	2695
贪	2696
鲎	2697
稌	2698
俺	2699
暧	2700
焕	2701
灶	2702
俐	2703
坪	2704
犇	2705
励	2706
辑	2707
绯	2708
萱	2709
拷	2710
忾	2711
堠	2712
鳍	2713
泻	2714
谙	2715
乖	2716
烂	2717
伺	2718
馥	2719
藻	2720
宕	2721
扣	2722
巧	2723
彪	2724
镳	2725
炜	2726
睬	2727
偲	2728
玻	2729
渫	2730
矩	2731
抓	2732
舫	2733
逃	2734
绫	2735
盏	2736
哗	2737
骰	2738
鹿	2739
覆	2740
徘	2741
俳	2742
哌	2743
簰	2744
蒎	2745
旭	2746
绍	2747
粱	2748
髓	2749
暂	2750
噪	2751
裆	2752
裕	2753
魂	2754
贴	2755
踪	2756
喊	2757
蒡	2758
绚	2759
赔	2760
坦	2761
枫	2762
嘻	2763
琐	2764
荒	2765
躁	2766
谠	2767
遐	2768
拖	2769
轨	2770
庚	2771
耿	2772
魍	2773
琪	2774
骗	2775
旨	2776
缛	2777
氧	2778
尻	2779
垕	2780
菱	2781
嗣	2782
砀	2783
驿	2784
刷	2785
裔	2786
撤	2787
倌	2788
舔	2789
丂	2790
仍	2791
扌	2792
彝	2793
梭	2794
酉	2795
皂	2796
珰	2797
凼	2798
漠	2799
肇	2800
卞	2801
荃	2802
钙	2803
铐	2804
篆	2805
褪	2806
夭	2807
嗬	2808
腔	2809
坟	2810
锆	2811
憧	2812
繄	2813
竖	2814
罄	2815
讯	2816
蓟	2817
栲	2818
㸆	2819
瘸	2820
胸	2821
逢	2822
婷	2823
署	2824
酯	2825
菊	2826
抄	2827
炒	2828
詹	2829
哟	2830
喎	2831
澡	2832
忡	2833
锴	2834
宴	2835
嘿	2836
枞	2837
婊	2838
桂	2839
棺	2840
暄	2841
巡	2842
佩	2843
奶	2844
攷	2845
洘	2846
掖	2847
𪨇	2848
叉	2849
撅	2850
囝	2851
嗝	2852
雉	2853
猩	2854
袼	2855
醇	2856
釉	2857
矶	2858
祛	2859
蜷	2860
痊	2861
耑	2862
萝	2863
暝	2864
嬉	2865
轴	2866
芦	2867
骼	2868
蓓	2869
箕	2870
宏	2871
恬	2872
诀	2873
侵	2874
瓿	2875
垱	2876
滤	2877
坋	2878
沌	2879
枷	2880
敏	2881
浓	2882
夸	2883
染	2884
挂	2885
嘟	2886
坛	2887
兄	2888
叁	2889
齁	2890
蜜	2891
弥	2892
厮	2893
拂	2894
珊	2895
糊	2896
盟	2897
勉	2898
履	2899
烈	2900
斐	2901
甩	2902
胃	2903
雕	2904
潮	2905
惨	2906
佰	2907
擅	2908
狈	2909
捞	2910
瓜	2911
萍	2912
煮	2913
𢪘	2914
襦	2915
酩	2916
摊	2917
倔	2918
抗	2919
泶	2920
诅	2921
镞	2922
飑	2923
梗	2924
僮	2925
玟	2926
剌	2927
嬷	2928
撰	2929
陶	2930
阕	2931
弎	2932
苟	2933
慈	2934
棹	2935
媮	2936
纛	2937
瓦	2938
铳	2939
恤	2940
吖	2941
羹	2942
绛	2943
肤	2944
曰	2945
颧	2946
冀	2947
榷	2948
瞪	2949
㪗	2950
亠	2951
郡	2952
陕	2953
柔	2954
婿	2955
燃	2956
胙	2957
吁	2958
巅	2959
哦	2960
炔	2961
霆	2962
鲉	2963
祂	2964
腾	2965
酦	2966
岗	2967
帘	2968
崒	2969
腌	2970
嗱	2971
磁	2972
脖	2973
洄	2974
盥	2975
臣	2976
乃	2977
嘘	2978
逛	2979
剸	2980
孕	2981
匡	2982
珏	2983
螽	2984
硫	2985
浏	2986
瘤	2987
碌	2988
姗	2989
姥	2990
韵	2991
𤱙	2992
蚣	2993
鳤	2994
芥	2995
茄	2996
潇	2997
横	2998
颓	2999
乱	3000
颤	3001
弋	3002
偶	3003
俎	3004
拭	3005
翎	3006
挹	3007
妥	3008
粽	3009
涵	3010
繇	3011
庞	3012
库	3013
颛	3014
旷	3015
吵	3016
勤	3017
禄	3018
钓	3019
鬟	3020
矛	3021
臃	3022
坏	3023
聆	3024
丘	3025
朴	3026
敷	3027
镬	3028
桩	3029
荆	3030
孱	3031
掰	3032
贰	3033
纲	3034
篱	3035
宦	3036
哇	3037
衫	3038
喇	3039
菪	3040
粪	3041
婆	3042
庶	3043
杓	3044
困	3045
寓	3046
鲠	3047
绑	3048
遂	3049
昇	3050
絮	3051
畿	3052
髣	3053
骺	3054
渔	3055
敛	3056
嘶	3057
魉	3058
雁	3059
菹	3060
琦	3061
瞻	3062
爽	3063
茅	3064
磊	3065
函	3066
萌	3067
浦	3068
乾	3069
粤	3070
玥	3071
怅	3072
丐	3073
圌	3074
裴	3075
螟	3076
馔	3077
碏	3078
蜓	3079
诧	3080
鹌	3081
灿	3082
鸴	3083
嚏	3084
鬃	3085
彰	3086
草	3087
憾	3088
披	3089
亹	3090
蔼	3091
渲	3092
孜	3093
簠	3094
擀	3095
钊	3096
啭	3097
蜂	3098
崛	3099
猾	3100
壑	3101
欬	3102
芫	3103
蜀	3104
衂	3105
傣	3106
赓	3107
刎	3108
邋	3109
茧	3110
阗	3111
參	3112
肢	3113
桉	3114
桦	3115
翰	3116
缸	3117
筜	3118
珇	3119
舂	3120
抉	3121
靖	3122
偬	3123
缰	3124
鸭	3125
咯	3126
哽	3127
埂	3128
忙	3129
俄	3130
茜	3131
赅	3132
跶	3133
摔	3134
黠	3135
邱	3136
酷	3137
僎	3138
卍	3139
苗	3140
讱	3141
栖	3142
裤	3143
铮	3144
佬	3145
绠	3146
皑	3147
溉	3148
陔	3149
塑	3150
溽	3151
邻	3152
嚡	3153
债	3154
侈	3155
瑑	3156
嚣	3157
馓	3158
毵	3159
糁	3160
蜕	3161
煺	3162
魋	3163
嘲	3164
闯	3165
艟	3166
饿	3167
鲆	3168
樊	3169
嗄	3170
寐	3171
蕾	3172
酞	3173
梆	3174
捻	3175
炮	3176
𮉯	3177
缅	3178
冕	3179
荄	3180
衍	3181
滩	3182
侻	3183
蹬	3184
仆	3185
湛	3186
谣	3187
雇	3188
惶	3189
翀	3190
傍	3191
跪	3192
隘	3193
霏	3194
操	3195
漏	3196
扎	3197
僝	3198
矜	3199
淘	3200
掱	3201
辟	3202
砌	3203
𬯎	3204
凳	3205
闼	3206
鳎	3207
禅	3208
恍	3209
蚤	3210
跨	3211
倜	3212
倧	3213
滇	3214
躺	3215
娅	3216
榜	3217
澈	3218
戚	3219
箐	3220
屡	3221
漂	3222
惋	3223
叮	3224
鲨	3225
撸	3226
谱	3227
闿	3228
喱	3229
坡	3230
鬷	3231
衔	3232
镑	3233
贫	3234
桌	3235
腼	3236
炘	3237
沐	3238
稼	3239
逻	3240
奈	3241
刮	3242
焘	3243
炭	3244
筐	3245
犴	3246
薯	3247
霎	3248
阖	3249
扛	3250
嬴	3251
𮧵	3252
鸿	3253
瞠	3254
唠	3255
唑	3256
荐	3257
觥	3258
驹	3259
芽	3260
裸	3261
膜	3262
芙	3263
蓑	3264
杠	3265
呛	3266
氹	3267
剀	3268
垲	3269
砭	3270
椋	3271
蝙	3272
腙	3273
浭	3274
巍	3275
纔	3276
茎	3277
侣	3278
烛	3279
狸	3280
允	3281
揍	3282
稗	3283
略	3284
祀	3285
疮	3286
怆	3287
寰	3288
浣	3289
杉	3290
锤	3291
锎	3292
帧	3293
卷	3294
掇	3295
旯	3296
恒	3297
腘	3298
煊	3299
隋	3300
穗	3301
棼	3302
搏	3303
辔	3304
涛	3305
拐	3306
咪	3307
镃	3308
蝉	3309
拶	3310
冈	3311
豇	3312
缉	3313
冫	3314
唇	3315
陀	3316
乒	3317
枰	3318
判	3319
陌	3320
畏	3321
瘌	3322
蠹	3323
彀	3324
郎	3325
崴	3326
缴	3327
矣	3328
诡	3329
瞒	3330
缦	3331
罕	3332
肴	3333
浜	3334
稍	3335
骋	3336
尿	3337
磬	3338
驳	3339
萄	3340
谭	3341
潭	3342
铤	3343
溃	3344
朽	3345
怂	3346
噔	3347
朗	3348
钧	3349
娉	3350
菌	3351
袍	3352
肃	3353
樾	3354
唣	3355
岐	3356
铨	3357
茺	3358
腆	3359
泊	3360
茬	3361
隶	3362
溅	3363
骅	3364
婳	3365
攒	3366
泣	3367
悖	3368
猛	3369
俜	3370
垣	3371
邸	3372
绮	3373
谤	3374
娩	3375
眄	3376
钺	3377
恁	3378
澹	3379
缇	3380
铪	3381
奤	3382
袖	3383
绊	3384
隅	3385
骤	3386
捭	3387
缠	3388
搀	3389
鹏	3390
虏	3391
晃	3392
诺	3393
揌	3394
瑰	3395
蒲	3396
孙	3397
溶	3398
蚂	3399
尢	3400
循	3401
潼	3402
虹	3403
磴	3404
丄	3405
凰	3406
眺	3407
烙	3408
摒	3409
瞧	3410
丫	3411
葡	3412
湎	3413
砬	3414
绞	3415
霭	3416
熙	3417
屁	3418
诫	3419
邕	3420
锡	3421
胚	3422
颐	3423
洺	3424
晕	3425
爻	3426
岔	3427
镫	3428
铲	3429
峻	3430
乔	3431
辜	3432
槌	3433
秒	3434
噘	3435
贱	3436
暅	3437
葱	3438
鞮	3439
釆	3440
沔	3441
缕	3442
勃	3443
呷	3444
弈	3445
浇	3446
弛	3447
眈	3448
饥	3449
昉	3450
葶	3451
葚	3452
衩	3453
谏	3454
浪	3455
迩	3456
㗏	3457
㖞	3458
𨂿	3459
𢱉	3460
彭	3461
碰	3462
饸	3463
跄	3464
粥	3465
恸	3466
廖	3467
靡	3468
蔓	3469
闺	3470
猎	3471
蟆	3472
雰	3473
裘	3474
奘	3475
掸	3476
汾	3477
凶	3478
篝	3479
攫	3480
腈	3481
颂	3482
祈	3483
蚕	3484
璨	3485
赐	3486
羌	3487
崭	3488
佻	3489
酬	3490
桥	3491
驼	3492
鳗	3493
黏	3494
镴	3495
熬	3496
翡	3497
骏	3498
咒	3499
鳙	3500
篅	3501
聘	3502
咣	3503
犷	3504
绻	3505
沛	3506
呸	3507
宅	3508
厢	3509
锈	3510
拼	3511
莨	3512
洱	3513
憃	3514
凹	3515
烯	3516
羚	3517
厘	3518
炌	3519
裂	3520
绸	3521
犁	3522
弱	3523
泙	3524
旆	3525
塘	3526
湉	3527
噗	3528
纬	3529
菈	3530
崆	3531
描	3532
彦	3533
杭	3534
宽	3535
洸	3536
宙	3537
掏	3538
矗	3539
骖	3540
喰	3541
榆	3542
肛	3543
蔷	3544
矿	3545
淳	3546
俵	3547
诣	3548
忉	3549
烫	3550
涯	3551
梳	3552
鹒	3553
孟	3554
伡	3555
珫	3556
囚	3557
嘱	3558
揖	3559
讽	3560
枸	3561
嗦	3562
蟾	3563
寝	3564
珥	3565
罡	3566
筻	3567
锵	3568
磔	3569
仓	3570
鞅	3571
叠	3572
兀	3573
涝	3574
诛	3575
摽	3576
嫚	3577
炆	3578
渑	3579
倥	3580
箜	3581
酚	3582
爬	3583
莞	3584
痒	3585
胱	3586
桄	3587
戥	3588
帔	3589
赴	3590
蕴	3591
佝	3592
卸	3593
曙	3594
枢	3595
阐	3596
帕	3597
裟	3598
铩	3599
冮	3600
咲	3601
熠	3602
迢	3603
祧	3604
悍	3605
卓	3606
蝲	3607
硿	3608
𱊊	3609
茵	3610
咖	3611
逊	3612
洳	3613
鲫	3614
玤	3615
锺	3616
枭	3617
皱	3618
泫	3619
荚	3620
𦭜	3621
宵	3622
嚓	3623
迅	3624
咻	3625
览	3626
娑	3627
遛	3628
耏	3629
喏	3630
醭	3631
谎	3632
讥	3633
郜	3634
筝	3635
祯	3636
虺	3637
蜴	3638
窕	3639
笤	3640
驮	3641
菩	3642
嗳	3643
埪	3644
炸	3645
麇	3646
斧	3647
赪	3648
弘	3649
闹	3650
珖	3651
垙	3652
僙	3653
広	3654
廣	3655
霈	3656
娘	3657
叱	3658
愧	3659
晨	3660
唆	3661
篮	3662
芋	3663
铒	3664
埫	3665
町	3666
矼	3667
粜	3668
卯	3669
悄	3670
凄	3671
钕	3672
恧	3673
衄	3674
朒	3675
琳	3676
莘	3677
苇	3678
辇	3679
拗	3680
坼	3681
鳚	3682
辽	3683
翂	3684
勋	3685
锻	3686
醅	3687
蓂	3688
鸟	3689
葆	3690
莛	3691
忑	3692
慝	3693
碴	3694
携	3695
涤	3696
掺	3697
弑	3698
菇	3699
侄	3700
绥	3701
髫	3702
龆	3703
戎	3704
庳	3705
丛	3706
幔	3707
嗙	3708
庖	3709
疱	3710
悾	3711
捋	3712
俞	3713
匾	3714
衰	3715
蠖	3716
栩	3717
搒	3718
唧	3719
滈	3720
驭	3721
羯	3722
眚	3723
惭	3724
黍	3725
铧	3726
堽	3727
戕	3728
尉	3729
萤	3730
膥	3731
藩	3732
曜	3733
呦	3734
遏	3735
鞚	3736
拇	3737
恪	3738
尊	3739
驯	3740
亢	3741
嶝	3742
圳	3743
碣	3744
瘫	3745
珽	3746
铽	3747
脦	3748
桫	3749
睃	3750
挲	3751
眯	3752
粲	3753
搿	3754
馋	3755
鸸	3756
鲂	3757
叒	3758
戗	3759
煌	3760
襟	3761
轲	3762
帖	3763
苕	3764
圾	3765
邢	3766
敲	3767
毓	3768
壿	3769
嵬	3770
咆	3771
狍	3772
匏	3773
脬	3774
坭	3775
铅	3776
瘾	3777
沥	3778
漴	3779
犸	3780
熏	3781
觊	3782
偈	3783
尧	3784
飘	3785
殄	3786
绒	3787
魄	3788
嗅	3789
黪	3790
酂	3791
噇	3792
疒	3793
剏	3794
焰	3795
嘅	3796
蜩	3797
酪	3798
崂	3799
唾	3800
怛	3801
哑	3802
硝	3803
匆	3804
撼	3805
乓	3806
滂	3807
窌	3808
牡	3809
娼	3810
瑞	3811
隧	3812
缚	3813
璋	3814
脾	3815
睦	3816
睹	3817
呱	3818
括	3819
悸	3820
唢	3821
璧	3822
谗	3823
屿	3824
螫	3825
涎	3826
撩	3827
苞	3828
螃	3829
遑	3830
俭	3831
愚	3832
梢	3833
碳	3834
旬	3835
迒	3836
𨐈	3837
芸	3838
迳	3839
滔	3840
毯	3841
诟	3842
谜	3843
婵	3844
忏	3845
谄	3846
蓬	3847
竣	3848
簪	3849
錾	3850
趱	3851
襁	3852
簧	3853
娖	3854
痨	3855
亟	3856
𪠽	3857
蠢	3858
洴	3859
泌	3860
圭	3861
馒	3862
喷	3863
掣	3864
螳	3865
焿	3866
燎	3867
笼	3868
燮	3869
嫉	3870
坑	3871
唵	3872
矫	3873
颁	3874
潺	3875
鲛	3876
瓒	3877
糌	3878
昝	3879
𥮾	3880
寁	3881
拯	3882
朣	3883
娃	3884
煽	3885
锚	3886
柿	3887
砚	3888
仕	3889
辕	3890
垒	3891
彷	3892
奅	3893
鞡	3894
嫒	3895
孵	3896
寡	3897
馅	3898
祟	3899
寥	3900
阔	3901
廨	3902
鲥	3903
娱	3904
骆	3905
篿	3906
屌	3907
趵	3908
匀	3909
夬	3910
栏	3911
诵	3912
拦	3913
憋	3914
砰	3915
掀	3916
鱿	3917
僚	3918
嫪	3919
悻	3920
骍	3921
帙	3922
稠	3923
翘	3924
佗	3925
疭	3926
茨	3927
鳔	3928
劈	3929
瀚	3930
逄	3931
雱	3932
耪	3933
鳑	3934
髈	3935
砗	3936
髮	3937
捎	3938
鲐	3939
咫	3940
轰	3941
觎	3942
杩	3943
蓉	3944
脓	3945
囟	3946
貂	3947
袴	3948
辋	3949
媾	3950
邹	3951
搜	3952
漪	3953
髦	3954
狰	3955
隳	3956
鹅	3957
押	3958
趟	3959
崖	3960
寸	3961
夆	3962
㬚	3963
阪	3964
邃	3965
瑛	3966
貉	3967
狎	3968
鳅	3969
庙	3970
扔	3971
椎	3972
沫	3973
舯	3974
伫	3975
哼	3976
毡	3977
膊	3978
讼	3979
砺	3980
棚	3981
讶	3982
蝗	3983
膳	3984
㧑	3985
瞅	3986
胄	3987
坨	3988
谩	3989
翳	3990
娓	3991
骈	3992
淋	3993
烘	3994
忝	3995
祃	3996
韬	3997
浑	3998
楱	3999
锯	4000
谕	4001
岘	4002
萦	4003
徨	4004
贻	4005
倅	4006
濂	4007
妍	4008
酶	4009
酋	4010
冇	4011
鸨	4012
嵋	4013
淙	4014
囱	4015
叽	4016
祁	4017
丼	4018
哨	4019
，	4020
燧	4021
睢	4022
俘	4023
疲	4024
姹	4025
姪	4026
腓	4027
疼	4028
卉	4029
锫	4030
茸	4031
陨	4032
赘	4033
玷	4034
筠	4035
啕	4036
诹	4037
亨	4038
嵩	4039
纶	4040
仃	4041
疔	4042
璐	4043
谐	4044
哝	4045
涟	4046
蹲	4047
栎	4048
醪	4049
媛	4050
鸦	4051
杞	4052
砉	4053
硙	4054
蚝	4055
堇	4056
帛	4057
胰	4058
璒	4059
橡	4060
玢	4061
凋	4062
锥	4063
宾	4064
暖	4065
驺	4066
陬	4067
鄹	4068
鲰	4069
𮉪	4070
𫼝	4071
耸	4072
嗍	4073
澜	4074
婢	4075
亏	4076
驲	4077
𡆠	4078
囸	4079
𮉬	4080
框	4081
踌	4082
畴	4083
椭	4084
森	4085
淌	4086
哚	4087
琮	4088
苁	4089
炰	4090
纽	4091
噩	4092
呓	4093
劣	4094
衿	4095
缪	4096
镛	4097
饔	4098
裙	4099
鲷	4100
促	4101
肘	4102
洑	4103
坠	4104
𠀾	4105
喙	4106
拆	4107
铝	4108
霄	4109
奴	4110
钞	4111
砥	4112
擘	4113
陑	4114
歙	4115
荧	4116
髯	4117
挖	4118
绺	4119
鹞	4120
贿	4121
愒	4122
斟	4123
鲦	4124
昏	4125
骢	4126
璁	4127
雹	4128
鲶	4129
妓	4130
傲	4131
隆	4132
焊	4133
汴	4134
募	4135
谋	4136
侬	4137
耍	4138
笊	4139
堰	4140
臻	4141
衡	4142
叼	4143
粗	4144
颇	4145
滥	4146
哄	4147
陟	4148
锐	4149
嫱	4150
饲	4151
措	4152
鎏	4153
琏	4154
雠	4155
熜	4156
扭	4157
瀑	4158
厄	4159
浚	4160
韶	4161
啤	4162
啧	4163
摘	4164
猥	4165
嵊	4166
秾	4167
𬪩	4168
櫈	4169
敝	4170
刁	4171
栝	4172
垮	4173
昼	4174
扪	4175
缀	4176
嗟	4177
铉	4178
薙	4179
笺	4180
崧	4181
株	4182
鲕	4183
佴	4184
捧	4185
蛊	4186
霜	4187
帡	4188
梵	4189
棠	4190
馀	4191
悰	4192
碾	4193
鲇	4194
匄	4195
勺	4196
翌	4197
辐	4198
殼	4199
嗵	4200
虬	4201
拚	4202
啖	4203
蟑	4204
卦	4205
吭	4206
砸	4207
栉	4208
迂	4209
拌	4210
𪨊	4211
忪	4212
晁	4213
雌	4214
瘪	4215
禽	4216
樯	4217
偃	4218
𭎂	4219
懵	4220
甴	4221
鄂	4222
掼	4223
敖	4224
珺	4225
邵	4226
糜	4227
熔	4228
埆	4229
䀇	4230
漾	4231
锣	4232
啰	4233
狼	4234
畸	4235
灭	4236
佃	4237
胯	4238
椒	4239
酝	4240
饕	4241
岫	4242
焯	4243
懈	4244
祠	4245
谒	4246
篷	4247
詈	4248
袤	4249
旌	4250
觅	4251
瘭	4252
藜	4253
蔫	4254
绰	4255
翩	4256
蹁	4257
谝	4258
胼	4259
郐	4260
捽	4261
曹	4262
粟	4263
撂	4264
辰	4265
蛸	4266
呣	4267
吹	4268
渺	4269
宥	4270
孛	4271
缎	4272
塅	4273
俅	4274
戟	4275
靳	4276
瘠	4277
寨	4278
扫	4279
咿	4280
哕	4281
绦	4282
筷	4283
俯	4284
悚	4285
墋	4286
揽	4287
鳖	4288
钦	4289
怦	4290
蕃	4291
轶	4292
镰	4293
塾	4294
屯	4295
倘	4296
笄	4297
啪	4298
菽	4299
觟	4300
拈	4301
撵	4302
呃	4303
峨	4304
璺	4305
犏	4306
楩	4307
骾	4308
𬂁	4309
蟀	4310
凛	4311
杈	4312
龵	4313
煅	4314
桨	4315
糗	4316
蕉	4317
玕	4318
筌	4319
淤	4320
枯	4321
阍	4322
毐	4323
愠	4324
蛭	4325
淞	4326
怊	4327
佚	4328
𬬺	4329
迭	4330
揉	4331
朓	4332
栳	4333
脍	4334
泷	4335
棱	4336
撒	4337
俏	4338
朦	4339
娥	4340
蛾	4341
刖	4342
堩	4343
懊	4344
嗷	4345
眭	4346
赠	4347
涫	4348
辗	4349
𫠡	4350
麾	4351
镕	4352
荦	4353
铵	4354
荫	4355
帚	4356
侩	4357
嗌	4358
貅	4359
拣	4360
耖	4361
峥	4362
嘭	4363
涸	4364
湄	4365
谲	4366
鳢	4367
餮	4368
怗	4369
骘	4370
瑁	4371
邴	4372
疵	4373
廿	4374
妞	4375
愕	4376
翠	4377
馘	4378
璪	4379
损	4380
缭	4381
鳞	4382
厕	4383
帜	4384
鲻	4385
嫔	4386
颦	4387
姘	4388
牝	4389
荀	4390
爹	4391
挎	4392
侉	4393
姱	4394
㐄	4395
𰽴	4396
丢	4397
丏	4398
礁	4399
惴	4400
骓	4401
缒	4402
隹	4403
沝	4404
㿢	4405
膇	4406
踮	4407
渝	4408
滨	4409
禺	4410
苍	4411
蹩	4412
瞬	4413
肱	4414
芃	4415
垦	4416
梃	4417
淮	4418
萜	4419
惆	4420
鹑	4421
沱	4422
䝋	4423
桧	4424
膛	4425
擂	4426
𫩛	4427
翟	4428
啜	4429
醊	4430
戾	4431
揣	4432
锕	4433
硐	4434
蒜	4435
凝	4436
劭	4437
酥	4438
趴	4439
椴	4440
赳	4441
蚯	4442
玭	4443
榀	4444
朩	4445
𬞟	4446
汖	4447
逖	4448
跌	4449
碉	4450
颃	4451
䜺	4452
蛀	4453
庥	4454
弨	4455
別	4456
芹	4457
膨	4458
昆	4459
酊	4460
纡	4461
茔	4462
舱	4463
痪	4464
幌	4465
骡	4466
坯	4467
黥	4468
楞	4469
懋	4470
跷	4471
歃	4472
羸	4473
柷	4474
黢	4475
盆	4476
捉	4477
袄	4478
鳌	4479
翱	4480
玺	4481
獠	4482
衬	4483
殉	4484
扩	4485
犀	4486
泓	4487
鸮	4488
谛	4489
犟	4490
催	4491
蓐	4492
娠	4493
淦	4494
矻	4495
恙	4496
哙	4497
镡	4498
沆	4499
绗	4500
𩉜	4501
楛	4502
胤	4503
瑄	4504
羧	4505
沁	4506
脏	4507
槅	4508
稽	4509
瞄	4510
呕	4511
氮	4512
俨	4513
㧱	4514
恣	4515
墁	4516
敔	4517
窖	4518
樟	4519
鳄	4520
瞌	4521
拙	4522
芊	4523
嵌	4524
脆	4525
缨	4526
晐	4527
獒	4528
坳	4529
糠	4530
谧	4531
僻	4532
搽	4533
叛	4534
佉	4535
恼	4536
筵	4537
臆	4538
苄	4539
慷	4540
遒	4541
轧	4542
茉	4543
蹭	4544
荤	4545
尪	4546
咦	4547
铦	4548
呶	4549
泗	4550
沦	4551
兡	4552
硼	4553
腚	4554
酽	4555
潢	4556
禧	4557
阎	4558
荇	4559
姝	4560
椿	4561
蝽	4562
藂	4563
墫	4564
秩	4565
溯	4566
採	4567
梧	4568
垌	4569
骜	4570
祏	4571
盼	4572
麟	4573
曌	4574
擖	4575
憨	4576
簖	4577
窟	4578
蕨	4579
趁	4580
馍	4581
薰	4582
榕	4583
冗	4584
褂	4585
螨	4586
蒯	4587
狯	4588
泼	4589
鳐	4590
耘	4591
㗑	4592
擒	4593
烹	4594
媵	4595
瓯	4596
獗	4597
麀	4598
儡	4599
檬	4600
埝	4601
飱	4602
芍	4603
稣	4604
藓	4605
恰	4606
闳	4607
铘	4608
㞎	4609
瑖	4610
畑	4611
蜿	4612
腺	4613
佥	4614
卵	4615
珞	4616
邡	4617
絜	4618
潦	4619
兮	4620
铣	4621
佯	4622
鲙	4623
浍	4624
𲄗	4625
珀	4626
泬	4627
扉	4628
晰	4629
氲	4630
镀	4631
忐	4632
檀	4633
俸	4634
橘	4635
芲	4636
岚	4637
澎	4638
玎	4639
霖	4640
槐	4641
殴	4642
耦	4643
愉	4644
玖	4645
莼	4646
呲	4647
熛	4648
刽	4649
旱	4650
虻	4651
饺	4652
晏	4653
鼹	4654
酌	4655
渭	4656
鳉	4657
怵	4658
𣗋	4659
趔	4660
𲍭	4661
夙	4662
孑	4663
剿	4664
崔	4665
泅	4666
堀	4667
铢	4668
眙	4669
痈	4670
鞠	4671
颟	4672
焖	4673
钔	4674
𫞩	4675
勔	4676
勿	4677
廊	4678
仑	4679
舆	4680
黜	4681
覃	4682
鸥	4683
藕	4684
𫭟	4685
愣	4686
瑃	4687
砣	4688
殚	4689
阉	4690
扼	4691
弧	4692
簌	4693
噜	4694
噌	4695
瘀	4696
馐	4697
绕	4698
捐	4699
仟	4700
铫	4701
鸵	4702
赎	4703
𥥷	4704
馄	4705
剐	4706
鸹	4707
诖	4708
喿	4709
润	4710
㛹	4711
簸	4712
瑜	4713
痰	4714
芎	4715
怒	4716
僜	4717
芩	4718
咡	4719
抨	4720
踝	4721
怄	4722
讴	4723
沤	4724
𬉼	4725
𫪘	4726
虞	4727
秫	4728
惷	4729
搪	4730
瑚	4731
砦	4732
咧	4733
冽	4734
洌	4735
鬣	4736
圫	4737
濮	4738
帷	4739
琶	4740
恃	4741
𬇙	4742
僭	4743
蝶	4744
骷	4745
喾	4746
铞	4747
诨	4748
胍	4749
掛	4750
坬	4751
琵	4752
徙	4753
彟	4754
垄	4755
骥	4756
缢	4757
醛	4758
戊	4759
鲈	4760
骒	4761
啃	4762
徊	4763
𠙶	4764
糯	4765
鲸	4766
窍	4767
喀	4768
镭	4769
忖	4770
噼	4771
灼	4772
皲	4773
𪎊	4774
宓	4775
寇	4776
喵	4777
攀	4778
伎	4779
孖	4780
虐	4781
渣	4782
炬	4783
弼	4784
绔	4785
畋	4786
囊	4787
溷	4788
彗	4789
蕙	4790
窄	4791
吠	4792
鬈	4793
沪	4794
胫	4795
汹	4796
烽	4797
翦	4798
挟	4799
婪	4800
挫	4801
匼	4802
烃	4803
𫐓	4804
挪	4805
昺	4806
杵	4807
堾	4808
唔	4809
襄	4810
汞	4811
皴	4812
奕	4813
钮	4814
淹	4815
钻	4816
遝	4817
脯	4818
蓠	4819
痫	4820
捩	4821
埒	4822
簉	4823
秕	4824
谆	4825
肫	4826
窀	4827
衠	4828
迍	4829
埻	4830
𬘯	4831
準	4832
譬	4833
淼	4834
眇	4835
璞	4836
斋	4837
镂	4838
阑	4839
垂	4840
凪	4841
萎	4842
拮	4843
镣	4844
俾	4845
骁	4846
惛	4847
箔	4848
噫	4849
𡎚	4850
皞	4851
㧟	4852
奚	4853
孀	4854
匈	4855
埯	4856
捌	4857
掾	4858
搓	4859
瘥	4860
苻	4861
闫	4862
砾	4863
𢫬	4864
耒	4865
衙	4866
邨	4867
刌	4868
桀	4869
勐	4870
潘	4871
𡰦	4872
漱	4873
浊	4874
〇	4875
躐	4876
黝	4877
诬	4878
藐	4879
邈	4880
迄	4881
讧	4882
茱	4883
藤	4884
烷	4885
娄	4886
逑	4887
唰	4888
诈	4889
泔	4890
镪	4891
糇	4892
刳	4893
叩	4894
晒	4895
愐	4896
硅	4897
拢	4898
怯	4899
铬	4900
摞	4901
雒	4902
昀	4903
抡	4904
囵	4905
𫭢	4906
侖	4907
𬬭	4908
佾	4909
渚	4910
㛅	4911
龈	4912
镶	4913
耲	4914
铊	4915
洒	4916
𦰡	4917
蜢	4918
虔	4919
荔	4920
嫦	4921
脟	4922
鏖	4923
鹳	4924
麽	4925
甫	4926
薨	4927
跂	4928
葩	4929
瓢	4930
禹	4931
焉	4932
汩	4933
硎	4934
訾	4935
柊	4936
弊	4937
孚	4938
溘	4939
嵘	4940
乂	4941
桢	4942
窎	4943
珲	4944
秤	4945
萘	4946
敕	4947
荓	4948
薅	4949
晔	4950
腴	4951
噙	4952
衾	4953
璜	4954
跚	4955
箍	4956
琬	4957
艨	4958
锰	4959
滚	4960
嫡	4961
镯	4962
茁	4963
愫	4964
瞭	4965
艄	4966
痞	4967
訇	4968
剽	4969
搴	4970
钫	4971
札	4972
丧	4973
葬	4974
䴕	4975
茢	4976
煜	4977
蝴	4978
醋	4979
圂	4980
𮉨	4981
啻	4982
脐	4983
抠	4984
樽	4985
眊	4986
窃	4987
鼐	4988
媳	4989
诘	4990
吚	4991
恻	4992
皿	4993
槽	4994
轹	4995
峣	4996
邺	4997
毋	4998
绌	4999
揿	5000
涣	5001
蛙	5002
鹎	5003
羁	5004
潶	5005
𬭶	5006
巳	5007
䴓	5008
秽	5009
𪻐	5010
忸	5011
狃	5012
杻	5013
牜	5014
啄	5015
祓	5016
珅	5017
昶	5018
茝	5019
赆	5020
薏	5021
苡	5022
霹	5023
缈	5024
赜	5025
汐	5026
礽	5027
陋	5028
篓	5029
嫖	5030
慓	5031
荅	5032
湍	5033
郈	5034
崩	5035
攉	5036
贮	5037
榾	5038
惚	5039
牦	5040
䎜	5041
癖	5042
镁	5043
叵	5044
鄱	5045
坤	5046
铗	5047
遵	5048
墟	5049
闵	5050
纭	5051
芷	5052
桔	5053
鹛	5054
醮	5055
碇	5056
恳	5057
纩	5058
塄	5059
崚	5060
㘄	5061
堎	5062
𠍐	5063
𣸤	5064
睖	5065
诌	5066
螈	5067
悒	5068
窠	5069
幪	5070
胠	5071
焌	5072
庇	5073
杪	5074
裾	5075
圃	5076
仄	5077
帻	5078
昃	5079
舴	5080
箦	5081
迮	5082
硒	5083
棣	5084
杷	5085
瑟	5086
喽	5087
榄	5088
瞟	5089
缥	5090
殍	5091
嘌	5092
螵	5093
蔈	5094
傥	5095
摧	5096
憔	5097
蝎	5098
寞	5099
湪	5100
羟	5101
俦	5102
嘹	5103
囹	5104
鸯	5105
伈	5106
锱	5107
珑	5108
聋	5109
陇	5110
氖	5111
艿	5112
柰	5113
迺	5114
皤	5115
桁	5116
洮	5117
讻	5118
夐	5119
诇	5120
兇	5121
恟	5122
竦	5123
冁	5124
厝	5125
袜	5126
洼	5127
𪯡	5128
蹂	5129
诳	5130
湻	5131
弇	5132
猷	5133
扰	5134
裰	5135
垯	5136
遽	5137
唸	5138
憬	5139
粿	5140
遨	5141
鳝	5142
墈	5143
筲	5144
鹋	5145
髻	5146
筢	5147
舥	5148
搂	5149
咙	5150
咔	5151
宸	5152
喳	5153
潍	5154
捏	5155
祗	5156
芜	5157
锢	5158
瘴	5159
盲	5160
狻	5161
痠	5162
筭	5163
癸	5164
圩	5165
胧	5166
郸	5167
瘘	5168
唁	5169
哜	5170
缏	5171
跰	5172
眸	5173
粕	5174
笸	5175
媪	5176
挠	5177
缆	5178
醺	5179
洵	5180
甑	5181
伥	5182
憎	5183
蚲	5184
𱮸	5185
𧊅	5186
柺	5187
峤	5188
诲	5189
鹾	5190
掯	5191
凫	5192
藁	5193
掬	5194
糅	5195
鞣	5196
煣	5197
禸	5198
⺼	5199
宍	5200
呤	5201
眶	5202
冉	5203
幡	5204
檑	5205
爫	5206
谚	5207
氯	5208
斫	5209
酰	5210
窨	5211
戮	5212
妑	5213
𤆵	5214
偻	5215
薸	5216
瑭	5217
铑	5218
跖	5219
悴	5220
炕	5221
湫	5222
眨	5223
猯	5224
曦	5225
缑	5226
寮	5227
懆	5228
鬥	5229
楣	5230
桡	5231
眬	5232
蝄	5233
钋	5234
匝	5235
唈	5236
莩	5237
锨	5238
锬	5239
𬭣	5240
曝	5241
抿	5242
泵	5243
赡	5244
𬒈	5245
锃	5246
疡	5247
戢	5248
胷	5249
柬	5250
磋	5251
奂	5252
潸	5253
馏	5254
钲	5255
蜘	5256
迨	5257
涿	5258
擢	5259
拎	5260
庐	5261
葰	5262
潲	5263
畔	5264
攸	5265
荭	5266
欛	5267
婀	5268
陞	5269
㤞	5270
胩	5271
垰	5272
佧	5273
侨	5274
阇	5275
琼	5276
蔀	5277
镌	5278
厩	5279
瑱	5280
阜	5281
茫	5282
窿	5283
茏	5284
栊	5285
砻	5286
渎	5287
咂	5288
臜	5289
紮	5290
鿽	5291
柴	5292
沂	5293
褛	5294
闽	5295
迤	5296
谘	5297
缯	5298
罾	5299
矰	5300
鄫	5301
䎖	5302
禊	5303
艘	5304
厶	5305
溹	5306
澶	5307
掠	5308
蟛	5309
娲	5310
裉	5311
鸢	5312
哐	5313
邝	5314
诓	5315
圹	5316
塽	5317
鹴	5318
骦	5319
礵	5320
粹	5321
𰷥	5322
艋	5323
哖	5324
氡	5325
戍	5326
槃	5327
娴	5328
逡	5329
囷	5330
𡝗	5331
羣	5332
夋	5333
𤛭	5334
诋	5335
侏	5336
萃	5337
踊	5338
伉	5339
囥	5340
鞘	5341
牍	5342
畦	5343
乍	5344
栅	5345
嶒	5346
粢	5347
觍	5348
髽	5349
猬	5350
劀	5351
贼	5352
煲	5353
荟	5354
蜉	5355
圉	5356
鸻	5357
偐	5358
蔬	5359
瘗	5360
婤	5361
泯	5362
癜	5363
屼	5364
姒	5365
弩	5366
凇	5367
佤	5368
窊	5369
腽	5370
暨	5371
贶	5372
鸪	5373
嬥	5374
隻	5375
雙	5376
﨎	5377
㕠	5378
峎	5379
箸	5380
殽	5381
谍	5382
嶷	5383
𬷕	5384
懿	5385
濯	5386
闾	5387
猖	5388
辌	5389
谡	5390
盾	5391
藉	5392
钾	5393
髅	5394
璀	5395
钪	5396
闶	5397
槺	5398
𡐓	5399
犺	5400
峭	5401
琅	5402
抟	5403
屐	5404
桑	5405
娟	5406
刍	5407
碟	5408
碘	5409
侴	5410
殃	5411
胭	5412
綮	5413
蔻	5414
筘	5415
瘵	5416
䍉	5417
疹	5418
孬	5419
飏	5420
昔	5421
氰	5422
圐	5423
巽	5424
猋	5425
珩	5426
姮	5427
焗	5428
粑	5429
酣	5430
倷	5431
鹈	5432
峪	5433
跗	5434
亾	5435
㐫	5436
沣	5437
驽	5438
㚢	5439
羑	5440
菘	5441
龁	5442
蹉	5443
锉	5444
矬	5445
沧	5446
畖	5447
汙	5448
潋	5449
潟	5450
垸	5451
飒	5452
偆	5453
诔	5454
蒺	5455
屹	5456
嘤	5457
寀	5458
嫩	5459
笪	5460
慥	5461
溱	5462
簷	5463
纮	5464
荠	5465
芰	5466
褊	5467
湝	5468
窥	5469
漓	5470
蝼	5471
耧	5472
鳃	5473
谀	5474
蜎	5475
蝠	5476
湔	5477
咤	5478
𲀃	5479
琛	5480
彖	5481
疃	5482
煓	5483
團	5484
韭	5485
呴	5486
瑾	5487
媆	5488
翯	5489
珮	5490
鹀	5491
跎	5492
轼	5493
荍	5494
畬	5495
霁	5496
吥	5497
纣	5498
暱	5499
芤	5500
眍	5501
𫸩	5502
𬆮	5503
剡	5504
偭	5505
瑙	5506
淖	5507
猱	5508
铙	5509
垴	5510
蛲	5511
硇	5512
臑	5513
峱	5514
憯	5515
墅	5516
𬺓	5517
𱌮	5518
峋	5519
俟	5520
蘅	5521
烆	5522
氘	5523
悯	5524
岷	5525
糨	5526
埏	5527
砷	5528
嘈	5529
糙	5530
漕	5531
槙	5532
杳	5533
吆	5534
辻	5535
𫚒	5536
嵯	5537
痤	5538
脞	5539
伧	5540
懦	5541
谯	5542
髟	5543
藨	5544
毙	5545
鞝	5546
愆	5547
窣	5548
舷	5549
煸	5550
荑	5551
憩	5552
吝	5553
黔	5554
瘁	5555
淬	5556
嵝	5557
腮	5558
芗	5559
湲	5560
楔	5561
榨	5562
烝	5563
蘖	5564
蓦	5565
炝	5566
痼	5567
嫕	5568
逶	5569
媲	5570
簇	5571
蹙	5572
𰬪	5573
鞔	5574
凑	5575
钨	5576
抇	5577
埗	5578
诃	5579
嗔	5580
牟	5581
犊	5582
赈	5583
嫐	5584
麑	5585
捯	5586
焙	5587
檐	5588
阼	5589
斓	5590
啈	5591
諐	5592
蹶	5593
珉	5594
旻	5595
酵	5596
肏	5597
蒌	5598
诽	5599
钬	5600
狙	5601
沽	5602
睫	5603
怙	5604
擩	5605
孥	5606
傉	5607
胬	5608
砮	5609
笯	5610
𱰾	5611
溴	5612
娀	5613
栢	5614
瑳	5615
鸧	5616
罉	5617
𰃷	5618
茯	5619
𣱾	5620
侪	5621
仨	5622
𫄥	5623
滁	5624
畯	5625
倬	5626
沅	5627
醴	5628
𱫉	5629
柠	5630
荽	5631
蹒	5632
磐	5633
蟠	5634
磻	5635
竑	5636
觐	5637
罟	5638
徼	5639
闸	5640
擞	5641
鸱	5642
捂	5643
㤥	5644
倦	5645
妷	5646
盦	5647
汈	5648
熯	5649
筱	5650
殓	5651
卤	5652
皖	5653
嫂	5654
绉	5655
凵	5656
㩟	5657
哞	5658
鍪	5659
侔	5660
蛑	5661
苫	5662
嶨	5663
漳	5664
嗛	5665
紥	5666
铆	5667
廓	5668
馝	5669
箪	5670
汲	5671
魃	5672
廑	5673
𡍷	5674
缗	5675
慜	5676
湣	5677
忞	5678
馑	5679
鹭	5680
箩	5681
艹	5682
屮	5683
艚	5684
螬	5685
阮	5686
奎	5687
蝡	5688
佈	5689
梼	5690
綦	5691
吮	5692
舜	5693
楯	5694
炙	5695
幂	5696
扆	5697
靸	5698
傩	5699
搦	5700
锘	5701
の	5702
𮩞	5703
襞	5704
蠓	5705
抒	5706
龇	5707
𱊬	5708
遁	5709
躏	5710
磷	5711
爿	5712
泮	5713
袢	5714
琰	5715
亊	5716
剚	5717
颅	5718
喈	5719
婕	5720
沴	5721
镗	5722
啐	5723
榱	5724
讹	5725
𡨄	5726
撬	5727
熄	5728
爰	5729
捶	5730
螂	5731
膪	5732
蛉	5733
鼯	5734
呾	5735
踦	5736
蝾	5737
蟋	5738
饷	5739
唬	5740
苒	5741
蚺	5742
䎃	5743
瘳	5744
猝	5745
蹴	5746
徂	5747
殂	5748
蔟	5749
瘄	5750
䗪	5751
鲮	5752
㘵	5753
丕	5754
诶	5755
泸	5756
哢	5757
莒	5758
掳	5759
捆	5760
黧	5761
豺	5762
莜	5763
侮	5764
拊	5765
馈	5766
钷	5767
𬶮	5768
蹦	5769
蹊	5770
艸	5771
朊	5772
堧	5773
瓀	5774
箓	5775
啶	5776
昂	5777
棤	5778
湮	5779
𡘙	5780
夼	5781
彘	5782
掔	5783
嫘	5784
痧	5785
猗	5786
湓	5787
孰	5788
𬮿	5789
祢	5790
芈	5791
蓼	5792
粼	5793
赁	5794
掐	5795
𮯙	5796
吽	5797
躅	5798
噻	5799
嗮	5800
恖	5801
𱞍	5802
𰁸	5803
罨	5804
搳	5805
楂	5806
燔	5807
矸	5808
涅	5809
爚	5810
喋	5811
樵	5812
矽	5813
忱	5814
挈	5815
箧	5816
掭	5817
锟	5818
阃	5819
壸	5820
溥	5821
霰	5822
虿	5823
蹇	5824
蛞	5825
𨓈	5826
桲	5827
醯	5828
捃	5829
復	5830
愍	5831
俚	5832
襈	5833
遘	5834
苴	5835
椤	5836
𥕢	5837
溇	5838
蟇	5839
绀	5840
莽	5841
醍	5842
芒	5843
魁	5844
恕	5845
·	5846
螋	5847
髭	5848
茴	5849
苓	5850
卅	5851
潵	5852
脎	5853
𦠿	5854
磺	5855
蚶	5856
煨	5857
萸	5858
竽	5859
祎	5860
笋	5861
隼	5862
拧	5863
鲹	5864
炖	5865
嶙	5866
襻	5867
眷	5868
淅	5869
揢	5870
礻	5871
澧	5872
漼	5873
疟	5874
鼾	5875
嫠	5876
埭	5877
鹄	5878
戋	5879
鹣	5880
璩	5881
啷	5882
榔	5883
锒	5884
阆	5885
烺	5886
蒗	5887
稂	5888
崀	5889
聂	5890
𠳐	5891
咩	5892
盔	5893
峙	5894
檗	5895
茕	5896
揶	5897
婧	5898
矾	5899
蚧	5900
狨	5901
瑢	5902
鹃	5903
熇	5904
拽	5905
唼	5906
犨	5907
柁	5908
蠟	5909
裢	5910
怏	5911
氉	5912
踯	5913
蓍	5914
沨	5915
嫋	5916
蚬	5917
吞	5918
鳡	5919
妾	5920
趄	5921
噤	5922
媱	5923
鲲	5924
琨	5925
髡	5926
悃	5927
堃	5928
焜	5929
鹍	5930
裈	5931
颌	5932
茳	5933
圄	5934
澍	5935
陂	5936
檄	5937
蚡	5938
珙	5939
俪	5940
樗	5941
孓	5942
𫍯	5943
鼷	5944
摹	5945
曈	5946
幧	5947
钿	5948
匮	5949
褦	5950
钼	5951
擦	5952
僧	5953
殛	5954
鲾	5955
睽	5956
旃	5957
茇	5958
瓸	5959
饯	5960
鿎	5961
蛃	5962
哔	5963
𫰡	5964
婼	5965
蓣	5966
庠	5967
泾	5968
睿	5969
歼	5970
倨	5971
榫	5972
吨	5973
墩	5974
竫	5975
咭	5976
蚃	5977
咐	5978
棽	5979
浉	5980
毳	5981
䖋	5982
萁	5983
揹	5984
炊	5985
嗽	5986
嗖	5987
叟	5988
馊	5989
溲	5990
孽	5991
苜	5992
阌	5993
姣	5994
翕	5995
豨	5996
绢	5997
隽	5998
鲽	5999
蹀	6000
弔	6001
憱	6002
耢	6003
苽	6004
鸳	6005
秧	6006
骚	6007
肄	6008
皦	6009
偌	6010
咴	6011
檫	6012
㭎	6013
铌	6014
鿭	6015
徇	6016
昽	6017
咑	6018
氼	6019
麋	6020
饴	6021
谇	6022
鹜	6023
楮	6024
纨	6025
骊	6026
鳆	6027
榈	6028
黾	6029
莠	6030
膺	6031
𫘧	6032
殁	6033
殒	6034
洧	6035
逦	6036
悛	6037
葵	6038
瓘	6039
娣	6040
蹐	6041
瀹	6042
鞫	6043
涘	6044
孳	6045
斿	6046
缮	6047
笏	6048
奀	6049
囤	6050
圪	6051
祇	6052
芪	6053
耆	6054
侥	6055
嵇	6056
钸	6057
荪	6058
狲	6059
飧	6060
谿	6061
兣	6062
苎	6063
暹	6064
饨	6065
颍	6066
蠡	6067
睄	6068
洽	6069
楬	6070
诜	6071
甡	6072
侁	6073
𬳽	6074
剉	6075
昱	6076
𩾌	6077
绷	6078
铓	6079
狒	6080
祺	6081
伕	6082
吒	6083
蚱	6084
赀	6085
飕	6086
棓	6087
椹	6088
剺	6089
莳	6090
晢	6091
铱	6092
鲴	6093
蠲	6094
牒	6095
钜	6096
褙	6097
踧	6098
梿	6099
靛	6100
浞	6101
箬	6102
爇	6103
蒻	6104
鄀	6105
篛	6106
蔧	6107
嘒	6108
抻	6109
䩄	6110
哮	6111
惬	6112
锲	6113
熹	6114
槲	6115
阡	6116
盷	6117
𫐐	6118
杕	6119
㶁	6120
耜	6121
浯	6122
斌	6123
栓	6124
糈	6125
鲋	6126
忤	6127
鲳	6128
鞲	6129
钰	6130
腱	6131
蚍	6132
郛	6133
眾	6134
饶	6135
钳	6136
颙	6137
囮	6138
翊	6139
妫	6140
炻	6141
潴	6142
钴	6143
廙	6144
棍	6145
砢	6146
祼	6147
婗	6148
浼	6149
锧	6150
篦	6151
牖	6152
窳	6153
秭	6154
诤	6155
摁	6156
蒽	6157
蜃	6158
𠬤	6159
瞢	6160
麂	6161
痉	6162
穜	6163
苈	6164
滓	6165
粃	6166
狞	6167
苧	6168
聍	6169
氷	6170
盹	6171
懔	6172
轸	6173
袷	6174
筦	6175
嚜	6176
潖	6177
搉	6178
襫	6179
绨	6180
尬	6181
畛	6182
棰	6183
箠	6184
蹑	6185
豗	6186
唳	6187
摺	6188
舀	6189
涓	6190
狷	6191
鄄	6192
锩	6193
埕	6194
堞	6195
耋	6196
咥	6197
脩	6198
鹓	6199
锑	6200
贳	6201
墚	6202
嬛	6203
铥	6204
撇	6205
晗	6206
噢	6207
皎	6208
皭	6209
挼	6210
汕	6211
屰	6212
彬	6213
羓	6214
伱	6215
儗	6216
葖	6217
绾	6218
莆	6219
酲	6220
葺	6221
柢	6222
枑	6223
侑	6224
嚄	6225
袂	6226
儋	6227
铂	6228
涩	6229
脝	6230
珈	6231
蒄	6232
祉	6233
䖢	6234
窾	6235
稞	6236
铟	6237
巣	6238
鸲	6239
笹	6240
岬	6241
仡	6242
蝣	6243
绎	6244
沬	6245
珋	6246
疠	6247
馗	6248
庼	6249
蛏	6250
簦	6251
鲣	6252
髴	6253
咷	6254
𰣊	6255
㤙	6256
嗓	6257
蜈	6258
仵	6259
𫓩	6260
桅	6261
豢	6262
鹉	6263
莅	6264
咛	6265
泞	6266
佞	6267
甯	6268
𪥰	6269
仌	6270
𠡦	6271
盂	6272
钝	6273
惇	6274
趸	6275
兕	6276
蔺	6277
垠	6278
枳	6279
拤	6280
髂	6281
葜	6282
珨	6283
昒	6284
缞	6285
焠	6286
沢	6287
陁	6288
鬌	6289
淆	6290
薮	6291
廋	6292
嗾	6293
锼	6294
瞍	6295
啮	6296
穹	6297
邛	6298
筇	6299
蛩	6300
銎	6301
䓖	6302
跫	6303
揄	6304
茩	6305
𬘘	6306
辒	6307
烿	6308
氄	6309
桊	6310
焆	6311
𬸅	6312
𫖹	6313
搔	6314
滕	6315
尒	6316
郴	6317
幛	6318
鹢	6319
梏	6320
慊	6321
醽	6322
偾	6323
鸾	6324
𫖃	6325
酗	6326
𲉅	6327
萋	6328
暍	6329
蛎	6330
葙	6331
噂	6332
儁	6333
㑺	6334
鞯	6335
槔	6336
殡	6337
剖	6338
蚜	6339
恔	6340
蚵	6341
彿	6342
迸	6343
𬮱	6344
鿍	6345
庾	6346
吣	6347
菻	6348
钤	6349
鹆	6350
醌	6351
裥	6352
疖	6353
轵	6354
戬	6355
跩	6356
熨	6357
彧	6358
扞	6359
酏	6360
阏	6361
酹	6362
佶	6363
栞	6364
眦	6365
窜	6366
㴔	6367
傀	6368
逵	6369
喟	6370
炤	6371
崾	6372
臌	6373
淇	6374
痂	6375
骶	6376
瞥	6377
漉	6378
煦	6379
澌	6380
蹰	6381
旒	6382
匕	6383
婞	6384
瞇	6385
蹚	6386
饬	6387
佁	6388
躄	6389
麈	6390
惗	6391
缄	6392
玮	6393
憷	6394
芮	6395
隈	6396
𫚭	6397
旖	6398
儆	6399
缙	6400
荩	6401
厔	6402
夿	6403
溧	6404
浬	6405
浰	6406
袯	6407
鲞	6408
跼	6409
啛	6410
裛	6411
靉	6412
阝	6413
墉	6414
脶	6415
谶	6416
岨	6417
陲	6418
倕	6419
蒐	6420
鄋	6421
嗫	6422
颞	6423
蟊	6424
啗	6425
芡	6426
屻	6427
岃	6428
赩	6429
昳	6430
瓞	6431
摭	6432
辂	6433
怞	6434
翛	6435
孪	6436
臊	6437
瘙	6438
镘	6439
琥	6440
濩	6441
绂	6442
痹	6443
姽	6444
狝	6445
旄	6446
郄	6447
恓	6448
曷	6449
匍	6450
𤲶	6451
噍	6452
薷	6453
𫄤	6454
竘	6455
鳟	6456
撙	6457
罇	6458
僔	6459
嶟	6460
𨱔	6461
舶	6462
缁	6463
蒟	6464
疐	6465
甭	6466
嘣	6467
镚	6468
甏	6469
琫	6470
祊	6471
伻	6472
埘	6473
邿	6474
姞	6475
彐	6476
瞩	6477
葫	6478
儦	6479
酡	6480
鼩	6481
彫	6482
瘕	6483
價	6484
婫	6485
钶	6486
洭	6487
芾	6488
咁	6489
佢	6490
莸	6491
遊	6492
臘	6493
闱	6494
碜	6495
麸	6496
佼	6497
莙	6498
齑	6499
蔑	6500
膻	6501
谬	6502
踞	6503
篑	6504
箫	6505
胗	6506
樛	6507
荖	6508
瘢	6509
螠	6510
猸	6511
愔	6512
妩	6513
坽	6514
痢	6515
戌	6516
屲	6517
氓	6518
骝	6519
奭	6520
燄	6521
辎	6522
圬	6523
踔	6524
碛	6525
怿	6526
鹦	6527
䓞	6528
蕊	6529
蚋	6530
蕤	6531
叡	6532
枘	6533
汭	6534
橤	6535
惢	6536
𮉫	6537
辚	6538
腧	6539
芨	6540
裑	6541
灕	6542
淚	6543
罱	6544
栀	6545
酃	6546
泠	6547
宧	6548
铡	6549
蜱	6550
乜	6551
硌	6552
噉	6553
蒨	6554
堘	6555
垤	6556
欤	6557
醵	6558
蠊	6559
谥	6560
锹	6561
誊	6562
螣	6563
縢	6564
熥	6565
鼟	6566
籐	6567
䲢	6568
笥	6569
绡	6570
恏	6571
卣	6572
挢	6573
翙	6574
乀	6575
痿	6576
钯	6577
跛	6578
觚	6579
徭	6580
朅	6581
痍	6582
鸰	6583
挛	6584
嫜	6585
𠉂	6586
傝	6587
籧	6588
奁	6589
胨	6590
脿	6591
揲	6592
啇	6593
竍	6594
醑	6595
怃	6596
鳘	6597
麓	6598
陉	6599
髋	6600
塍	6601
咠	6602
翁	6603
豉	6604
祜	6605
沮	6606
缶	6607
睏	6608
锊	6609
䂮	6610
圙	6611
𰵤	6612
栘	6613
坢	6614
癔	6615
圜	6616
苌	6617
𫛭	6618
脲	6619
葭	6620
瑀	6621
苋	6622
𬀪	6623
轳	6624
藟	6625
胔	6626
舣	6627
桠	6628
赃	6629
臧	6630
牂	6631
驵	6632
髒	6633
塟	6634
臟	6635
鳀	6636
鹯	6637
梶	6638
𦒍	6639
薦	6640
蓳	6641
脢	6642
洢	6643
喓	6644
秸	6645
渌	6646
颔	6647
奄	6648
夔	6649
跤	6650
霅	6651
渼	6652
沒	6653
竓	6654
鲿	6655
儚	6656
荳	6657
瀽	6658
䜣	6659
蜚	6660
赍	6661
缜	6662
揻	6663
痔	6664
𫓧	6665
𠬝	6666
惓	6667
铚	6668
蚰	6669
蜒	6670
鞬	6671
壅	6672
玑	6673
墀	6674
跸	6675
迕	6676
镏	6677
鄢	6678
赸	6679
铈	6680
懽	6681
涊	6682
戳	6683
歠	6684
袒	6685
勚	6686
稙	6687
觯	6688
臺	6689
鲱	6690
帏	6691
丌	6692
𪾢	6693
滢	6694
邂	6695
苷	6696
讫	6697
氟	6698
鲊	6699
揸	6700
臬	6701
镊	6702
镍	6703
兢	6704
荨	6705
黟	6706
弌	6707
𬖋	6708
羲	6709
绹	6710
帑	6711
䐛	6712
氩	6713
鹠	6714
哓	6715
缫	6716
埽	6717
溞	6718
缲	6719
𲋤	6720
鳋	6721
踬	6722
踣	6723
鹪	6724
敫	6725
邯	6726
渟	6727
踒	6728
䰀	6729
踠	6730
膈	6731
觭	6732
郤	6733
鹮	6734
𮝹	6735
峦	6736
銮	6737
栾	6738
滦	6739
脔	6740
娈	6741
琇	6742
埤	6743
攲	6744
氙	6745
寤	6746
笈	6747
僦	6748
龋	6749
铿	6750
硁	6751
𫰰	6752
臀	6753
豚	6754
𫠜	6755
袪	6756
篨	6757
搕	6758
呎	6759
晞	6760
鳊	6761
籴	6762
馚	6763
捍	6764
喑	6765
鳛	6766
鹩	6767
铖	6768
刬	6769
厃	6770
觱	6771
篥	6772
佖	6773
筛	6774
耵	6775
郢	6776
蛳	6777
乩	6778
𠰴	6779
谟	6780
䏝	6781
搰	6782
澪	6783
橐	6784
憺	6785
袱	6786
毗	6787
麖	6788
𡌶	6789
黻	6790
郦	6791
鼫	6792
𬖞	6793
芟	6794
龠	6795
褴	6796
𰵴	6797
侷	6798
牺	6799
娒	6800
毽	6801
聿	6802
荻	6803
岊	6804
砧	6805
曶	6806
僬	6807
颀	6808
漭	6809
昙	6810
嵚	6811
蹿	6812
篡	6813
昚	6814
浥	6815
泆	6816
潩	6817
嫏	6818
菠	6819
棬	6820
麒	6821
泚	6822
岢	6823
芣	6824
搛	6825
瞽	6826
蔌	6827
嗻	6828
蘩	6829
豌	6830
缔	6831
嘏	6832
仝	6833
徜	6834
𫷷	6835
睆	6836
葳	6837
薳	6838
竺	6839
菅	6840
朏	6841
龂	6842
廪	6843
鬻	6844
胝	6845
萆	6846
桴	6847
芔	6848
勼	6849
臽	6850
𭣇	6851
擐	6852
孢	6853
辍	6854
嶂	6855
堄	6856
馂	6857
铋	6858
隍	6859
嘎	6860
鲺	6861
礅	6862
蹾	6863
砘	6864
蜊	6865
蕺	6866
踶	6867
妤	6868
侹	6869
褓	6870
礞	6871
跹	6872
倮	6873
㑩	6874
腒	6875
嵅	6876
悢	6877
诩	6878
掎	6879
阈	6880
觌	6881
睇	6882
雫	6883
𠵆	6884
锍	6885
𣭲	6886
㧯	6887
蚓	6888
苾	6889
澥	6890
亵	6891
㑊	6892
锔	6893
炀	6894
圻	6895
䍃	6896
𬨎	6897
㓦	6898
疝	6899
魇	6900
豸	6901
绋	6902
舳	6903
黹	6904
碚	6905
姧	6906
姦	6907
彅	6908
轺	6909
疌	6910
苲	6911
兞	6912
捄	6913
氿	6914
洎	6915
雩	6916
鬘	6917
憙	6918
悕	6919
囍	6920
籥	6921
绐	6922
髹	6923
嗞	6924
伢	6925
冼	6926
卺	6927
彳	6928
媸	6929
瓻	6930
瓴	6931
缣	6932
镉	6933
喁	6934
暾	6935
鲀	6936
坉	6937
忳	6938
焞	6939
㞘	6940
臋	6941
氽	6942
驸	6943
卩	6944
垚	6945
痣	6946
郧	6947
妯	6948
觋	6949
鬓	6950
鬦	6951
愎	6952
萩	6953
埸	6954
鲼	6955
塬	6956
茋	6957
𡷫	6958
扦	6959
燹	6960
伭	6961
𰂎	6962
峿	6963
镝	6964
飨	6965
鄜	6966
宬	6967
蕻	6968
埵	6969
倏	6970
毹	6971
鄃	6972
倐	6973
隗	6974
窒	6975
禋	6976
汛	6977
𬘭	6978
悌	6979
喭	6980
𫉄	6981
㑌	6982
啁	6983
𬬮	6984
䴘	6985
菔	6986
恚	6987
𫵼	6988
娆	6989
荛	6990
噃	6991
颚	6992
醚	6993
﨡	6994
𫄷	6995
豙	6996
牾	6997
橼	6998
攵	6999
螯	7000
咝	7001
飔	7002
谌	7003
锽	7004
屦	7005
顼	7006
盱	7007
羖	7008
夂	7009
帋	7010
㠯	7011
洩	7012
燏	7013
婘	7014
恝	7015
搌	7016
岿	7017
皛	7018
攥	7019
衤	7020
觿	7021
坩	7022
郅	7023
髁	7024
𪣻	7025
祆	7026
確	7027
颉	7028
汏	7029
汱	7030
痦	7031
婺	7032
趼	7033
袅	7034
癣	7035
蝮	7036
琤	7037
䴖	7038
黐	7039
橥	7040
洹	7041
嚚	7042
𫇭	7043
溍	7044
浕	7045
叆	7046
垍	7047
嚆	7048
杼	7049
潆	7050
苤	7051
氕	7052
嫳	7053
丿	7054
𬭯	7055
眜	7056
槎	7057
汊	7058
頁	7059
鱽	7060
腑	7061
𬴂	7062
泱	7063
瀁	7064
苠	7065
晤	7066
薿	7067
濞	7068
抃	7069
骞	7070
汨	7071
翮	7072
狺	7073
訚	7074
崟	7075
慇	7076
汜	7077
肮	7078
犍	7079
峁	7080
乭	7081
诙	7082
袗	7083
𫗴	7084
𥇢	7085
溻	7086
枹	7087
畹	7088
欿	7089
洨	7090
簃	7091
劃	7092
吪	7093
胥	7094
衺	7095
穄	7096
獐	7097
䜩	7098
浟	7099
撐	7100
𬺈	7101
蓺	7102
苢	7103
濉	7104
瑬	7105
娌	7106
劙	7107
僖	7108
纾	7109
玠	7110
笾	7111
槑	7112
羱	7113
褎	7114
妗	7115
摅	7116
弜	7117
疢	7118
旸	7119
嵫	7120
碁	7121
糵	7122
陧	7123
嵲	7124
菍	7125
辀	7126
踹	7127
搢	7128
蕈	7129
跣	7130
鹨	7131
虒	7132
𤯦	7133
磏	7134
薜	7135
荸	7136
荙	7137
剳	7138
傎	7139
佔	7140
㐬	7141
坷	7142
𫍙	7143
𬤊	7144
颏	7145
𬃊	7146
葹	7147
酆	7148
芴	7149
於	7150
纻	7151
丶	7152
亻	7153
蜣	7154
耄	7155
伋	7156
襆	7157
𱃺	7158
淏	7159
澔	7160
㝀	7161
撚	7162
昡	7163
衒	7164
臸	7165
楸	7166
䦃	7167
芑	7168
蕲	7169
旂	7170
䓫	7171
𨟠	7172
蛟	7173
诐	7174
崤	7175
孅	7176
邶	7177
㙘	7178
殀	7179
缤	7180
镔	7181
濒	7182
膑	7183
摈	7184
傧	7185
豳	7186
邠	7187
髌	7188
徯	7189
坍	7190
圯	7191
𫌀	7192
馃	7193
钡	7194
渤	7195
𮩝	7196
炁	7197
嘁	7198
繣	7199
畊	7200
槭	7201
棫	7202
荥	7203
拴	7204
蜍	7205
鱾	7206
垟	7207
炷	7208
吡	7209
𬘬	7210
堙	7211
懁	7212
𲍿	7213
躔	7214
牯	7215
嵛	7216
嵎	7217
坜	7218
锞	7219
腯	7220
镲	7221
阱	7222
庹	7223
腭	7224
萼	7225
苊	7226
㹢	7227
垅	7228
胛	7229
罘	7230
骐	7231
𮳺	7232
罹	7233
掞	7234
燠	7235
𱚦	7236
酕	7237
驷	7238
㫚	7239
糍	7240
廆	7241
𬱟	7242
玓	7243
𬍛	7244
羿	7245
䯄	7246
鲯	7247
溚	7248
蟒	7249
邙	7250
牤	7251
硭	7252
尨	7253
牻	7254
厖	7255
撺	7256
汆	7257
爨	7258
镩	7259
橦	7260
拄	7261
毑	7262
谵	7263
淯	7264
僅	7265
揆	7266
砼	7267
搡	7268
峬	7269
啬	7270
穑	7271
铯	7272
璱	7273
渋	7274
敁	7275
鹂	7276
喤	7277
傑	7278
茚	7279
雳	7280
裏	7281
裏	7282
搾	7283
尛	7284
椀	7285
獴	7286
酾	7287
脒	7288
𫖘	7289
钣	7290
𠕇	7291
琔	7292
鳂	7293
缃	7294
踺	7295
扺	7296
酐	7297
讣	7298
崦	7299
艷	7300
𪩘	7301
氅	7302
䴔	7303
斶	7304
𫛶	7305
唪	7306
焱	7307
並	7308
萣	7309
稆	7310
扈	7311
瘝	7312
舻	7313
戛	7314
衮	7315
鲧	7316
磙	7317
辊	7318
绲	7319
丨	7320
鬲	7321
焐	7322
砜	7323
蚴	7324
蝤	7325
柩	7326
坶	7327
堑	7328
檩	7329
蚨	7330
湟	7331
屃	7332
坫	7333
烬	7334
篾	7335
蠛	7336
衊	7337
愊	7338
嘦	7339
呌	7340
赂	7341
儓	7342
摛	7343
鹘	7344
瓠	7345
𫚔	7346
煴	7347
滏	7348
恹	7349
廾	7350
槻	7351
怫	7352
車	7353
簟	7354
弭	7355
唏	7356
怳	7357
桎	7358
𫄨	7359
晻	7360
囫	7361
厷	7362
睺	7363
韫	7364
嚃	7365
阄	7366
靰	7367
阢	7368
凘	7369
鲔	7370
裇	7371
毂	7372
骧	7373
瑂	7374
佺	7375
椠	7376
蘼	7377
𨚕	7378
蕗	7379
栿	7380
擗	7381
犮	7382
婍	7383
娸	7384
趺	7385
崌	7386
岠	7387
搋	7388
䦷	7389
膗	7390
嶰	7391
艎	7392
嫫	7393
妺	7394
脰	7395
円	7396
觕	7397
榇	7398
谼	7399
㠇	7400
猓	7401
𬭊	7402
瘈	7403
殭	7404
𬙂	7405
𫄧	7406
癃	7407
辏	7408
腠	7409
湊	7410
樘	7411
僇	7412
匜	7413
鹝	7414
鹥	7415
嫛	7416
竰	7417
㹭	7418
琀	7419
幹	7420
昴	7421
垈	7422
碃	7423
茌	7424
畎	7425
濛	7426
岽	7427
㙍	7428
匐	7429
鬴	7430
欹	7431
𨰻	7432
涮	7433
槥	7434
胂	7435
屾	7436
鸬	7437
𫍢	7438
谫	7439
𬣡	7440
㤭	7441
亸	7442
筚	7443
亇	7444
浠	7445
掮	7446
崄	7447
晷	7448
缋	7449
嗪	7450
廴	7451
醆	7452
潞	7453
瑆	7454
茭	7455
跞	7456
剒	7457
蠋	7458
邅	7459
褀	7460
饧	7461
馕	7462
馉	7463
牿	7464
䀦	7465
嗈	7466
皈	7467
笱	7468
皁	7469
菰	7470
𫘤	7471
傭	7472
罒	7473
𮝵	7474
箝	7475
莪	7476
糸	7477
摴	7478
溆	7479
𫁡	7480
嶍	7481
𠬶	7482
烜	7483
炟	7484
徵	7485
鹗	7486
偢	7487
涪	7488
䃰	7489
礤	7490
簋	7491
翈	7492
㟖	7493
飚	7494
茈	7495
𰱱	7496
浵	7497
裨	7498
靬	7499
韆	7500
塚	7501
珷	7502
珸	7503
鹁	7504
堉	7505
墺	7506
缱	7507
竏	7508
谴	7509
闩	7510
魆	7511
湑	7512
诮	7513
赇	7514
𫖔	7515
㽒	7516
铰	7517
杧	7518
茻	7519
钖	7520
𰽽	7521
痱	7522
镄	7523
姛	7524
㛚	7525
阋	7526
釐	7527
憇	7528
桯	7529
𬶐	7530
痺	7531
傒	7532
俙	7533
愀	7534
愦	7535
蔔	7536
栻	7537
柹	7538
抏	7539
烊	7540
眢	7541
砹	7542
硋	7543
纂	7544
缵	7545
躜	7546
萹	7547
藊	7548
瑠	7549
悝	7550
慄	7551
龘	7552
憕	7553
赙	7554
垆	7555
昄	7556
碶	7557
隺	7558
垩	7559
𠲖	7560
𡶦	7561
鸩	7562
饾	7563
褫	7564
鲅	7565
鲃	7566
郿	7567
肜	7568
黩	7569
蹜	7570
筅	7571
笫	7572
浃	7573
旰	7574
窸	7575
稹	7576
壩	7577
謇	7578
峧	7579
庱	7580
吲	7581
脃	7582
枒	7583
鼢	7584
噶	7585
禘	7586
裼	7587
淟	7588
𫏋	7589
砒	7590
𨃅	7591
呖	7592
嚟	7593
詟	7594
甙	7595
衹	7596
蒱	7597
捱	7598
墼	7599
肸	7600
棨	7601
畀	7602
啯	7603
饩	7604
慆	7605
癿	7606
颡	7607
磉	7608
𱮒	7609
𮷛	7610
舲	7611
㕮	7612
飐	7613
肼	7614
唷	7615
鲑	7616
孃	7617
瘿	7618
謷	7619
鲌	7620
殣	7621
迓	7622
剜	7623
牮	7624
𫉁	7625
沄	7626
畇	7627
猇	7628
𫖮	7629
秬	7630
㚣	7631
婋	7632
厾	7633
𱇱	7634
獾	7635
𣨼	7636
璎	7637
鹕	7638
瞵	7639
茑	7640
𱰛	7641
嬲	7642
坻	7643
刿	7644
嫭	7645
糄	7646
宀	7647
楹	7648
茀	7649
镓	7650
糒	7651
睒	7652
硊	7653
疳	7654
妪	7655
瘖	7656
岌	7657
粳	7658
弢	7659
穟	7660
酿	7661
傚	7662
妣	7663
㚰	7664
枇	7665
窈	7666
窅	7667
懃	7668
盎	7669
卬	7670
睑	7671
𬑗	7672
鍳	7673
鑒	7674
椛	7675
𬤝	7676
𠂇	7677
齌	7678
聩	7679
龊	7680
惙	7681
逴	7682
婥	7683
辶	7684
𬬻	7685
岞	7686
谳	7687
讠	7688
祲	7689
箅	7690
𬬫	7691
羨	7692
䲠	7693
𬟁	7694
蟓	7695
椇	7696
饳	7697
囗	7698
咗	7699
鄌	7700
岣	7701
䐃	7702
柒	7703
芏	7704
琊	7705
玡	7706
谞	7707
𬣙	7708
碲	7709
䃅	7710
扠	7711
荜	7712
蓖	7713
芘	7714
仉	7715
弝	7716
妭	7717
靿	7718
痖	7719
裻	7720
咉	7721
珧	7722
菼	7723
澉	7724
龅	7725
㥄	7726
亖	7727
犄	7728
缳	7729
蓏	7730
垝	7731
匦	7732
牷	7733
筥	7734
鲭	7735
蛔	7736
玞	7737
琈	7738
尃	7739
旉	7740
𱂩	7741
鲘	7742
窬	7743
嬖	7744
菴	7745
碈	7746
𱤏	7747
撄	7748
锓	7749
勍	7750
楦	7751
俶	7752
蚄	7753
廛	7754
猕	7755
颥	7756
邬	7757
讦	7758
盩	7759
岧	7760
椑	7761
琲	7762
濋	7763
滀	7764
舁	7765
羕	7766
𬸦	7767
䓬	7768
侘	7769
傺	7770
疘	7771
𠷡	7772
𬯀	7773
茽	7774
稃	7775
亳	7776
锿	7777
斛	7778
個	7779
𱎼	7780
谰	7781
砯	7782
籼	7783
鸶	7784
缌	7785
纟	7786
瑨	7787
琎	7788
珒	7789
锖	7790
珪	7791
瓱	7792
闰	7793
蜾	7794
柃	7795
廢	7796
灺	7797
巯	7798
𰹲	7799
罴	7800
抔	7801
裒	7802
掊	7803
咅	7804
抙	7805
岑	7806
涔	7807
梫	7808
褏	7809
𫜩	7810
俍	7811
倞	7812
蘒	7813
岙	7814
雲	7815
黡	7816
镱	7817
镒	7818
钇	7819
𬬩	7820
箑	7821
躃	7822
囔	7823
肷	7824
腨	7825
𩫇	7826
枵	7827
𧏾	7828
缡	7829
艃	7830
榧	7831
瞋	7832
焮	7833
嘢	7834
吔	7835
䒕	7836
簑	7837
跱	7838
蹢	7839
㞞	7840
庑	7841
𩽾	7842
逭	7843
轪	7844
褟	7845
鞳	7846
橹	7847
𫧯	7848
氐	7849
媂	7850
脘	7851
嗉	7852
囌	7853
殪	7854
狖	7855
粝	7856
鬁	7857
赲	7858
黼	7859
瑷	7860
卐	7861
氆	7862
畤	7863
眰	7864
盍	7865
垎	7866
唦	7867
兛	7868
屙	7869
𣬂	7870
䣘	7871
舾	7872
狳	7873
㺄	7874
𱹍	7875
朐	7876
臞	7877
𪨰	7878
圊	7879
笞	7880
睩	7881
葓	7882
燚	7883
𬙋	7884
聃	7885
嶽	7886
𡮐	7887
𮹝	7888
辁	7889
锪	7890
蓨	7891
璠	7892
𫘬	7893
匚	7894
蝯	7895
淝	7896
偁	7897
珵	7898
珹	7899
沲	7900
韨	7901
垺	7902
蘑	7903
邳	7904
甓	7905
䴙	7906
剹	7907
禿	7908
玚	7909
𦰏	7910
㕥	7911
鳇	7912
泇	7913
𬘩	7914
㨄	7915
旞	7916
阂	7917
𬮤	7918
塨	7919
浐	7920
瀍	7921
劁	7922
㚽	7923
慾	7924
呯	7925
楒	7926
峗	7927
颣	7928
劓	7929
虮	7930
﨤	7931
堲	7932
𬶨	7933
塈	7934
锳	7935
䞍	7936
甅	7937
纥	7938
𫟷	7939
旮	7940
尕	7941
尜	7942
钆	7943
舠	7944
岈	7945
瑔	7946
𱯍	7947
𥖄	7948
磎	7949
赝	7950
阊	7951
潏	7952
隰	7953
叇	7954
沺	7955
媕	7956
躶	7957
镙	7958
𲄚	7959
韪	7960
峄	7961
𮧴	7962
浲	7963
霨	7964
飓	7965
硍	7966
烠	7967
㘥	7968
獬	7969
𬣀	7970
甪	7971
埴	7972
漷	7973
翾	7974
滘	7975
荮	7976
𬬹	7977
桷	7978
玃	7979
舐	7980
枥	7981
堌	7982
岵	7983
裎	7984
诎	7985
旐	7986
鲒	7987
郗	7988
欷	7989
辢	7990
镋	7991
铴	7992
笕	7993
篯	7994
疸	7995
盉	7996
靘	7997
啵	7998
盻	7999
啙	8000
姕	8001
眥	8002
笭	8003
𫟼	8004
𨱏	8005
氍	8006
扂	8007
蹅	8008
浒	8009
䶭	8010
篁	8011
𬲱	8012
饦	8013
膙	8014
𱂱	8015
醨	8016
挦	8017
㧥	8018
檠	8019
苘	8020
郾	8021
灈	8022
湨	8023
悈	8024
瘛	8025
蓇	8026
葑	8027
雊	8028
㠮	8029
䌷	8030
醜	8031
𥯨	8032
耥	8033
琟	8034
柝	8035
浈	8036
珶	8037
瑅	8038
𫘨	8039
䝙	8040
摏	8041
硷	8042
𱈃	8043
𬶏	8044
鬯	8045
眵	8046
恥	8047
𫟦	8048
遹	8049
遆	8050
茆	8051
芼	8052
鄚	8053
鼗	8054
鼋	8055
𠧚	8056
揾	8057
抆	8058
傈	8059
墐	8060
隃	8061
鄑	8062
扤	8063
倻	8064
霪	8065
氤	8066
蟫	8067
鹙	8068
鄞	8069
夤	8070
皙	8071
瘅	8072
膂	8073
钒	8074
漈	8075
瀱	8076
𦝼	8077
湴	8078
撷	8079
揳	8080
㓁	8081
徃	8082
姈	8083
祕	8084
䲝	8085
籺	8086
轾	8087
狴	8088
夶	8089
愭	8090
悽	8091
慽	8092
狌	8093
呋	8094
呒	8095
锂	8096
缐	8097
媄	8098
媺	8099
埇	8100
麤	8101
雎	8102
刭	8103
𩾃	8104
绖	8105
堺	8106
劼	8107
堦	8108
逯	8109
彔	8110
盝	8111
餍	8112
櫆	8113
𮭦	8114
讷	8115
犼	8116
𨻧	8117
陸	8118
㒸	8119
嵖	8120
撖	8121
馌	8122
牣	8123
螅	8124
爔	8125
屣	8126
熺	8127
熻	8128
蟢	8129
郯	8130
蕰	8131
罂	8132
媟	8133
饤	8134
黉	8135
瞫	8136
钹	8137
镈	8138
𬭛	8139
艽	8140
藠	8141
揦	8142
樋	8143
啲	8144
庋	8145
衖	8146
阽	8147
劬	8148
坥	8149
棻	8150
嫣	8151
鄯	8152
碨	8153
磈	8154
㚻	8155
𬨂	8156
忭	8157
瀣	8158
躞	8159
椥	8160
梽	8161
榰	8162
嫮	8163
肀	8164
菀	8165
芄	8166
萬	8167
湜	8168
澨	8169
蒹	8170
𬭳	8171
𠅤	8172
幾	8173
踟	8174
扅	8175
𤙖	8176
绤	8177
纼	8178
殳	8179
㹴	8180
𬒔	8181
骃	8182
瓖	8183
珦	8184
捵	8185
鼙	8186
虍	8187
虖	8188
溦	8189
沩	8190
涠	8191
洈	8192
𣲗	8193
膰	8194
悱	8195
觏	8196
燊	8197
诼	8198
帱	8199
瘰	8200
疬	8201
滗	8202
沘	8203
羝	8204
磲	8205
㘗	8206
𥫗	8207
貘	8208
嵴	8209
琯	8210
苣	8211
鄣	8212
卼	8213
鲪	8214
犭	8215
弶	8216
勥	8217
枲	8218
郓	8219
媞	8220
娰	8221
赗	8222
鸤	8223
𪨶	8224
冓	8225
瀛	8226
溁	8227
岕	8228
瀞	8229
汫	8230
蜰	8231
煟	8232
螱	8233
髃	8234
邘	8235
飖	8236
觖	8237
哃	8238
鿔	8239
疽	8240
婌	8241
璲	8242
㻪	8243
疋	8244
鲩	8245
璟	8246
獍	8247
歅	8248
猁	8249
塆	8250
乇	8251
菏	8252
萂	8253
𬌗	8254
﨟	8255
埙	8256
篪	8257
滉	8258
忣	8259
铕	8260
缂	8261
俤	8262
